Workbook

Sheet og
A1: Sample ID | B1: Hour | C1: DOY | D1: hour | E1: time | F1: Date | G1: DOY_date | H1: GFS_1 | I1: Starch_1 | J1: GFS_2 | K1: Starch_2 | L1: GFS_3 | M1: Starch_3 | N1: GFS_4 | O1: Starch_4 | P1: Carb_tot_1 | Q1: Carb_tot_2 | R1: Carb_tot_3 | S1: Carb_tot_4 | T1: Valid_1 | U1: Valid_2 | V1: Valid_3 | W1: Valid_4 | X1: Total valid | Y1: Carb_total_mean | Z1: Carb_total_std | AA1: Carb_CV
A2: 37196 | B2: 0.41666667 | C2: 186 | D2: 11 | E2: 186.45833 | F2: 44747 | G2: DOY 186: 07/05 | H2: 237.7 | I2: 298.2 | J2: 0 | K2: 0 | L2: 300.8 | M2: 0 | N2: 242.1 | O2: 305.1 | P2: 535.9 | Q2: 0 | R2: 300.8 | S2: 547.2 | T2: 1 | U2: 0 | V2: 0 | W2: 1 | X2: 2 | Y2: 541.5 | Z2: 5.7 | AA2: 0.01
A3: 37561 | B3: 0.54166667 | C3: 186 | D3: 14 | E3: 186.58333 | F3: 44747 | G3: DOY 186: 07/05 | H3: 181.6 | I3: 245.1 | J3: 143.5 | K3: 573 | L3: 141.1 | M3: 354.8 | N3: 112.8 | O3: 355.8 | P3: 426.7 | Q3: 716.5 | R3: 495.8 | S3: 468.6 | T3: 1 | U3: 1 | V3: 1 | W3: 1 | X3: 4 | Y3: 526.9 | Z3: 112.2 | AA3: 0.21
A4: 37926 | B4: 0.66666667 | C4: 186 | D4: 17 | E4: 186.70833 | F4: 44747 | G4: DOY 186: 07/05 | H4: 140.7 | I4: 335.6 | J4: 185.6 | K4: 924.5 | L4: 121.6 | M4: 381.6 | N4: 125.5 | O4: 914.6 | P4: 476.3 | Q4: 1110 | R4: 503.1 | S4: 1040.1 | T4: 0 | U4: 1 | V4: 0 | W4: 1 | X4: 2 | Y4: 1075.1 | Z4: 35 | AA4: 0.03
A5: 38292 | B5: 0.79166667 | C5: 186 | D5: 20 | E5: 186.83333 | F5: 44747 | G5: DOY 186: 07/05 | H5: 114.8 | I5: 961.9 | J5: 118.4 | K5: 804.3 | L5: 112.3 | M5: 851.1 | N5: 118.7 | O5: 828.9 | P5: 1076.8 | Q5: 922.7 | R5: 963.4 | S5: 947.6 | T5: 1 | U5: 0 | V5: 1 | W5: 1 | X5: 3 | Y5: 995.9 | Z5: 57.5 | AA5: 0.06
A6: 38657 | B6: 0.91666667 | C6: 186 | D6: 23 | E6: 186.95833 | F6: 44747 | G6: DOY 186: 07/05 | H6: 114.8 | I6: 961.9 | J6: 118.4 | K6: 804.3 | L6: 112.3 | M6: 851.1 | N6: 118.7 | O6: 828.9 | P6: 1076.8 | Q6: 922.7 | R6: 963.4 | S6: 947.6 | T6: 1 | U6: 0 | V6: 1 | W6: 1 | X6: 3 | Y6: 995.9 | Z6: 57.5 | AA6: 0.06
A7: 39022 | B7: 0.041666667 | C7: 187 | D7: 2 | E7: 187.08333 | F7: 44748 | G7: DOY 187: 07/06 | H7: 124.2 | I7: 305.6 | J7: 118.2 | K7: 474.6 | L7: 94.8 | M7: 559.6 | N7: 110.5 | O7: 337.3 | P7: 429.9 | Q7: 592.8 | R7: 654.3 | S7: 447.8 | T7: 1 | U7: 1 | V7: 1 | W7: 1 | X7: 4 | Y7: 531.2 | Z7: 95.1 | AA7: 0.18
A8: 39387 | B8: 0.16666667 | C8: 187 | D8: 5 | E8: 187.20833 | F8: 44748 | G8: DOY 187: 07/06 | H8: 125.3 | I8: 136.1 | J8: 142 | K8: 178.1 | L8: 144.6 | M8: -5 | N8: 126.5 | O8: 117.7 | P8: 261.4 | Q8: 320.1 | R8: 139.5 | S8: 244.2 | T8: 1 | U8: 1 | V8: 0 | W8: 1 | X8: 3 | Y8: 275.2 | Z8: 32.5 | AA8: 0.12
A9: 39753 | B9: 0.29166667 | C9: 187 | D9: 8 | E9: 187.33333 | F9: 44748 | G9: DOY 187: 07/06 | H9: 107.9 | I9: 34.4 | J9: 119.8 | K9: 22.6 | L9: 115 | M9: 44.4 | N9: 136 | O9: -6.4 | P9: 142.3 | Q9: 142.4 | R9: 159.3 | S9: 129.6 | T9: 1 | U9: 1 | V9: 1 | W9: 0 | X9: 3 | Y9: 148 | Z9: 8 | AA9: 0.05
A10: 37197 | B10: 0.29166667 | C10: 209 | D10: 8 | E10: 209.33333 | F10: 44770 | G10: DOY 209: 07/28 | H10: 172.1 | I10: 143.8 | J10: 168.2 | K10: 12.3 | L10: 159.8 | M10: 1800.9 | N10: 212.3 | O10: 104.2 | P10: 315.9 | Q10: 180.6 | R10: 1960.6 | S10: 316.5 | T10: 1 | U10: 0 | V10: 0 | W10: 1 | X10: 2 | Y10: 316.2 | Z10: 0.3 | AA10: 0
A11: 37562 | B11: 0.54166667 | C11: 209 | D11: 13 | E11: 209.54167 | F11: 44770 | G11: DOY 209: 07/28 | H11: 188.2 | I11: 218.3 | J11: 246.8 | K11: 719.6 | L11: 200.5 | M11: 894.7 | N11: 268.3 | O11: 541.1 | P11: 406.5 | Q11: 966.4 | R11: 1095.2 | S11: 809.3 | T11: 1 | U11: 1 | V11: 1 | W11: 1 | X11: 4 | Y11: 819.4 | Z11: 259 | AA11: 0.32
A12: 37198 | B12: 0.29166667 | C12: 236 | D12: 8 | E12: 236.33333 | F12: 44797 | G12: DOY 236: 08/24 | H12: 87.8 | I12: 1032.5 | J12: 83.4 | K12: -3.9 | L12: 79.1 | M12: 628.9 | N12: 86.7 | O12: 493.5 | P12: 1120.3 | Q12: 79.4 | R12: 708 | S12: 580.2 | T12: 1 | U12: 0 | V12: 1 | W12: 1 | X12: 3 | Y12: 802.8 | Z12: 230.4 | AA12: 0.29
A13: 37563 | B13: 0.54166667 | C13: 236 | D13: 13 | E13: 236.54167 | F13: 44797 | G13: DOY 236: 08/24 | H13: 87.2 | I13: 1178.8 | J13: 69.3 | K13: 1085.5 | L13: 110 | M13: 953.4 | N13: 76.4 | O13: 1118.2 | P13: 1266 | Q13: 1154.9 | R13: 1063.4 | S13: 1194.6 | T13: 1 | U13: 1 | V13: 1 | W13: 1 | X13: 4 | Y13: 1169.7 | Z13: 73.2 | AA13: 0.06
... A17: 37929 | B17: 0.79166667 | C17: 258 | D17: 20 | E17: 258.83333 | F17: 44819 | G17: DOY 258: 09/15 | H17: 57.7 | I17: 135.6 | J17: 66.2 | K17: 471.8 | L17: 70.4 | M17: 97.6 | N17: 66.4 | O17: -0.5 | P17: 193.3 | Q17: 538 | R17: 168.1 | S17: 65.9 | T17: 1 | U17: 0 | V17: 1 | W17: 1 | X17: 3 | Y17: 142.4 | Z17: 55.1 | AA17: 0.39

Sheet glucose
A1: Sample ID | B1: Hour | C1: DOY | D1: hour | E1: time | F1: Date | G1: DOY_date | H1: GFS_1 | I1: Starch_1 | J1: GFS_2 | K1: Starch_2 | L1: GFS_3 | M1: Starch_3 | N1: GFS_4 | O1: Starch_4 | P1: Carb_tot_1 | Q1: Carb_tot_2 | R1: Carb_tot_3 | S1: Carb_tot_4 | T1: Valid_1 | U1: Valid_2 | V1: Valid_3 | W1: Valid_4 | X1: Total valid | Y1: Starch_mean | Z1: Starch_std | AA1: GFS_mean | AB1: GFS_std | AC1: GFS% | AD1: Carb_total_mean | AE1: Carb_total_std | AF1: Carb_CV
A2: 37196 | B2: 0.41666667 | C2: 186-197 | D2: 11 | E2: 186.45833 | F2: 44747 | G2: DOY 186: 07/05 | H2: 237.7 | I2: 298.2 | J2: 0 | K2: 0 | L2: 300.8 | M2: 0 | N2: 242.1 | O2: 305.1 | P2: 535.9 | Q2: 0 | R2: 300.8 | S2: 547.2 | T2: 1 | U2: 0 | V2: 0 | W2: 1 | X2: 2 | Y2: =(I2*T2+K2*U2+M2*V2+O2*W2)/X2 -> 301.65 | Z2: =SQRT((((I2-$Y2)^2)*T2+((K2-$Y2)^2)*U2+((M2-$Y2)^2)*V2+((O2-$Y2)^2)*W2)/(X2-1)) -> 4.8790368 | AA2: =(H2*T2+J2*U2+L2*V2+N2*W2)/X2 -> 239.9 | AB2: =SQRT((((H2-$Z2)^2)*T2+((J2-$Z2)^2)*U2+((L2-$Z2)^2)*V2+((N2-$Z2)^2)*W2)/(X2-1)) -> 332.3844 | AC2: =AA2/(Y2+AA2) -> 0.44298772 | AD2: =Y2+AA2 -> 541.55 | AE2: =SQRT((((H2+I2-$AD2)^2)*T2+((J2+K2-$AD2)^2)*U2+((L2+M2-$AD2)^2)*V2+((N2+O2-$AD2)^2)*W2)/(X2-1)) -> 7.9903066 | AF2: =AE2/AD2 -> 0.014754513
A3: 37561 | B3: 0.54166667 | D3: 14 | E3: 186.58333 | F3: 44747 | G3: DOY 186: 07/05 | H3: 181.6 | I3: 245.1 | J3: 143.5 | K3: 573 | L3: 141.1 | M3: 354.8 | N3: 112.8 | O3: 355.8 | P3: 426.7 | Q3: 716.5 | R3: 495.8 | S3: 468.6 | T3: 1 | U3: 1 | V3: 1 | W3: 1 | X3: 4 | Y3: =(I3*T3+K3*U3+M3*V3+O3*W3)/X3 -> 382.175 | Z3: =SQRT((((I3-$Y3)^2)*T3+((K3-$Y3)^2)*U3+((M3-$Y3)^2)*V3+((O3-$Y3)^2)*W3)/(X3-1)) -> 137.41515 | AA3: =(H3*T3+J3*U3+L3*V3+N3*W3)/X3 -> 144.75 | AB3: =SQRT((((H3-$Z3)^2)*T3+((J3-$Z3)^2)*U3+((L3-$Z3)^2)*V3+((N3-$Z3)^2)*W3)/(X3-1)) -> 29.489039 | AC3: =AA3/(Y3+AA3) -> 0.27470703 | AD3: =Y3+AA3 -> 526.925 | AE3: =SQRT((((H3+I3-$AD3)^2)*T3+((J3+K3-$AD3)^2)*U3+((L3+M3-$AD3)^2)*V3+((N3+O3-$AD3)^2)*W3)/(X3-1)) -> 129.54804 | AF3: =AE3/AD3 -> 0.24585671
A4: 37926 | B4: 0.66666667 | D4: 17 | E4: 186.70833 | F4: 44747 | G4: DOY 186: 07/05 | H4: 140.7 | I4: 335.6 | J4: 185.6 | K4: 924.5 | L4: 121.6 | M4: 381.6 | N4: 125.5 | O4: 914.6 | P4: 476.3 | Q4: 1110 | R4: 503.1 | S4: 1040.1 | T4: 0 | U4: 1 | V4: 0 | W4: 1 | X4: 2 | Y4: =(I4*T4+K4*U4+M4*V4+O4*W4)/X4 -> 919.55 | Z4: =SQRT((((I4-$Y4)^2)*T4+((K4-$Y4)^2)*U4+((M4-$Y4)^2)*V4+((O4-$Y4)^2)*W4)/(X4-1)) -> 7.0003571 | AA4: =(H4*T4+J4*U4+L4*V4+N4*W4)/X4 -> 155.55 | AB4: =SQRT((((H4-$Z4)^2)*T4+((J4-$Z4)^2)*U4+((L4-$Z4)^2)*V4+((N4-$Z4)^2)*W4)/(X4-1)) -> 214.33618 | AC4: =AA4/(Y4+AA4) -> 0.14468422 | AD4: =Y4+AA4 -> 1075.1 | AE4: =SQRT((((H4+I4-$AD4)^2)*T4+((J4+K4-$AD4)^2)*U4+((L4+M4-$AD4)^2)*V4+((N4+O4-$AD4)^2)*W4)/(X4-1)) -> 49.497475 | AF4: =AE4/AD4 -> 0.04603988
A5: 38292 | B5: 0.79166667 | D5: 20 | E5: 186.83333 | F5: 44747 | G5: DOY 186: 07/05 | H5: 114.8 | I5: 961.9 | J5: 118.4 | K5: 804.3 | L5: 112.3 | M5: 851.1 | N5: 118.7 | O5: 828.9 | P5: 1076.8 | Q5: 922.7 | R5: 963.4 | S5: 947.6 | T5: 1 | U5: 0 | V5: 1 | W5: 1 | X5: 3 | Y5: =(I5*T5+K5*U5+M5*V5+O5*W5)/X5 -> 880.63333 | Z5: =SQRT((((I5-$Y5)^2)*T5+((K5-$Y5)^2)*U5+((M5-$Y5)^2)*V5+((O5-$Y5)^2)*W5)/(X5-1)) -> 71.248953 | AA5: =(H5*T5+J5*U5+L5*V5+N5*W5)/X5 -> 115.26667 | AB5: =SQRT((((H5-$Z5)^2)*T5+((J5-$Z5)^2)*U5+((L5-$Z5)^2)*V5+((N5-$Z5)^2)*W5)/(X5-1)) -> 54.00687 | AC5: =AA5/(Y5+AA5) -> 0.11574121 | AD5: =Y5+AA5 -> 995.9 | AE5: =SQRT((((H5+I5-$AD5)^2)*T5+((J5+K5-$AD5)^2)*U5+((L5+M5-$AD5)^2)*V5+((N5+O5-$AD5)^2)*W5)/(X5-1)) -> 70.419387 | AF5: =AE5/AD5 -> 0.070709295
A6: 38657 | B6: 0.91666667 | D6: 23 | E6: 186.95833 | F6: 44747 | G6: DOY 186: 07/05 | H6: 114.8 | I6: 961.9 | J6: 118.4 | K6: 804.3 | L6: 112.3 | M6: 851.1 | N6: 118.7 | O6: 828.9 | P6: 1076.8 | Q6: 922.7 | R6: 963.4 | S6: 947.6 | T6: 1 | U6: 0 | V6: 1 | W6: 1 | X6: 3 | Y6: =(I6*T6+K6*U6+M6*V6+O6*W6)/X6 -> 880.63333 | Z6: =SQRT((((I6-$Y6)^2)*T6+((K6-$Y6)^2)*U6+((M6-$Y6)^2)*V6+((O6-$Y6)^2)*W6)/(X6-1)) -> 71.248953 | AA6: =(H6*T6+J6*U6+L6*V6+N6*W6)/X6 -> 115.26667 | AB6: =SQRT((((H6-$Z6)^2)*T6+((J6-$Z6)^2)*U6+((L6-$Z6)^2)*V6+((N6-$Z6)^2)*W6)/(X6-1)) -> 54.00687 | AC6: =AA6/(Y6+AA6) -> 0.11574121 | AD6: =Y6+AA6 -> 995.9 | AE6: =SQRT((((H6+I6-$AD6)^2)*T6+((J6+K6-$AD6)^2)*U6+((L6+M6-$AD6)^2)*V6+((N6+O6-$AD6)^2)*W6)/(X6-1)) -> 70.419387 | AF6: =AE6/AD6 -> 0.070709295
A7: 39022 | B7: 0.041666667 | D7: 2 | E7: 187.08333 | F7: 44748 | G7: DOY 187: 07/06 | H7: 124.2 | I7: 305.6 | J7: 118.2 | K7: 474.6 | L7: 94.8 | M7: 559.6 | N7: 110.5 | O7: 337.3 | P7: 429.9 | Q7: 592.8 | R7: 654.3 | S7: 447.8 | T7: 1 | U7: 1 | V7: 1 | W7: 1 | X7: 4 | Y7: =(I7*T7+K7*U7+M7*V7+O7*W7)/X7 -> 419.275 | Z7: =SQRT((((I7-$Y7)^2)*T7+((K7-$Y7)^2)*U7+((M7-$Y7)^2)*V7+((O7-$Y7)^2)*W7)/(X7-1)) -> 118.8751 | AA7: =(H7*T7+J7*U7+L7*V7+N7*W7)/X7 -> 111.925 | AB7: =SQRT((((H7-$Z7)^2)*T7+((J7-$Z7)^2)*U7+((L7-$Z7)^2)*V7+((N7-$Z7)^2)*W7)/(X7-1)) -> 15.039537 | AC7: =AA7/(Y7+AA7) -> 0.21070218 | AD7: =Y7+AA7 -> 531.2 | AE7: =SQRT((((H7+I7-$AD7)^2)*T7+((J7+K7-$AD7)^2)*U7+((L7+M7-$AD7)^2)*V7+((N7+O7-$AD7)^2)*W7)/(X7-1)) -> 109.86404 | AF7: =AE7/AD7 -> 0.20682236
A8: 39387 | B8: 0.16666667 | D8: 5 | E8: 187.20833 | F8: 44748 | G8: DOY 187: 07/06 | H8: 125.3 | I8: 136.1 | J8: 142 | K8: 178.1 | L8: 144.6 | M8: -5 | N8: 126.5 | O8: 117.7 | P8: 261.4 | Q8: 320.1 | R8: 139.5 | S8: 244.2 | T8: 1 | U8: 1 | V8: 0 | W8: 1 | X8: 3 | Y8: =(I8*T8+K8*U8+M8*V8+O8*W8)/X8 -> 143.96667 | Z8: =SQRT((((I8-$Y8)^2)*T8+((K8-$Y8)^2)*U8+((M8-$Y8)^2)*V8+((O8-$Y8)^2)*W8)/(X8-1)) -> 30.958897 | AA8: =(H8*T8+J8*U8+L8*V8+N8*W8)/X8 -> 131.26667 | AB8: =SQRT((((H8-$Z8)^2)*T8+((J8-$Z8)^2)*U8+((L8-$Z8)^2)*V8+((N8-$Z8)^2)*W8)/(X8-1)) -> 123.20404 | AC8: =AA8/(Y8+AA8) -> 0.47692867 | AD8: =Y8+AA8 -> 275.23333 | AE8: =SQRT((((H8+I8-$AD8)^2)*T8+((J8+K8-$AD8)^2)*U8+((L8+M8-$AD8)^2)*V8+((N8+O8-$AD8)^2)*W8)/(X8-1)) -> 39.796022 | AF8: =AE8/AD8 -> 0.14459012
A9: 39753 | B9: 0.29166667 | D9: 8 | E9: 187.33333 | F9: 44748 | G9: DOY 187: 07/06 | H9: 107.9 | I9: 34.4 | J9: 119.8 | K9: 22.6 | L9: 115 | M9: 44.4 | N9: 136 | O9: -6.4 | P9: 142.3 | Q9: 142.4 | R9: 159.3 | S9: 129.6 | T9: 1 | U9: 1 | V9: 1 | W9: 0 | X9: 3 | Y9: =(I9*T9+K9*U9+M9*V9+O9*W9)/X9 -> 33.8 | Z9: =SQRT((((I9-$Y9)^2)*T9+((K9-$Y9)^2)*U9+((M9-$Y9)^2)*V9+((O9-$Y9)^2)*W9)/(X9-1)) -> 10.912378 | AA9: =(H9*T9+J9*U9+L9*V9+N9*W9)/X9 -> 114.23333 | AB9: =SQRT((((H9-$Z9)^2)*T9+((J9-$Z9)^2)*U9+((L9-$Z9)^2)*V9+((N9-$Z9)^2)*W9)/(X9-1)) -> 126.68336 | AC9: =AA9/(Y9+AA9) -> 0.77167305 | AD9: =Y9+AA9 -> 148.03333 | AE9: =SQRT((((H9+I9-$AD9)^2)*T9+((J9+K9-$AD9)^2)*U9+((L9+M9-$AD9)^2)*V9+((N9+O9-$AD9)^2)*W9)/(X9-1)) -> 9.8439491 | AF9: =AE9/AD9 -> 0.066498192
A10: 37197 | B10: 0.29166667 | C10: 209 | D10: 8 | E10: 209.33333 | F10: 44770 | G10: DOY 209: 07/28 | H10: 172.1 | I10: 143.8 | J10: 168.2 | K10: 12.3 | L10: 159.8 | M10: 1800.9 | N10: 212.3 | O10: 104.2 | P10: 315.9 | Q10: 180.6 | R10: 1960.6 | S10: 316.5 | T10: 1 | U10: 0 | V10: 0 | W10: 1 | X10: 2 | Y10: =(I10*T10+K10*U10+M10*V10+O10*W10)/X10 -> 124 | Z10: =SQRT((((I10-$Y10)^2)*T10+((K10-$Y10)^2)*U10+((M10-$Y10)^2)*V10+((O10-$Y10)^2)*W10)/(X10-1)) -> 28.001429 | AA10: =(H10*T10+J10*U10+L10*V10+N10*W10)/X10 -> 192.2 | AB10: =SQRT((((H10-$Z10)^2)*T10+((J10-$Z10)^2)*U10+((L10-$Z10)^2)*V10+((N10-$Z10)^2)*W10)/(X10-1)) -> 233.94521 | AC10: =AA10/(Y10+AA10) -> 0.60784314 | AD10: =Y10+AA10 -> 316.2 | AE10: =SQRT((((H10+I10-$AD10)^2)*T10+((J10+K10-$AD10)^2)*U10+((L10+M10-$AD10)^2)*V10+((N10+O10-$AD10)^2)*W10)/(X10-1)) -> 0.42426407 | AF10: =AE10/AD10 -> 0.0013417586
A11: 37562 | B11: 0.54166667 | D11: 13 | E11: 209.54167 | F11: 44770 | G11: DOY 209: 07/28 | H11: 188.2 | I11: 218.3 | J11: 246.8 | K11: 719.6 | L11: 200.5 | M11: 894.7 | N11: 268.3 | O11: 541.1 | P11: 406.5 | Q11: 966.4 | R11: 1095.2 | S11: 809.3 | T11: 1 | U11: 1 | V11: 1 | W11: 1 | X11: 4 | Y11: =(I11*T11+K11*U11+M11*V11+O11*W11)/X11 -> 593.425 | Z11: =SQRT((((I11-$Y11)^2)*T11+((K11-$Y11)^2)*U11+((M11-$Y11)^2)*V11+((O11-$Y11)^2)*W11)/(X11-1)) -> 288.75793 | AA11: =(H11*T11+J11*U11+L11*V11+N11*W11)/X11 -> 225.95 | AB11: =SQRT((((H11-$Z11)^2)*T11+((J11-$Z11)^2)*U11+((L11-$Z11)^2)*V11+((N11-$Z11)^2)*W11)/(X11-1)) -> 81.813517 | AC11: =AA11/(Y11+AA11) -> 0.27575896 | AD11: =Y11+AA11 -> 819.375 | AE11: =SQRT((((H11+I11-$AD11)^2)*T11+((J11+K11-$AD11)^2)*U11+((L11+M11-$AD11)^2)*V11+((N11+O11-$AD11)^2)*W11)/(X11-1)) -> 299.03235 | AF11: =AE11/AD11 -> 0.36495177
A12: 37198 | B12: 0.29166667 | C12: 236 | D12: 8 | E12: 236.33333 | F12: 44797 | G12: DOY 236: 08/24 | H12: 87.8 | I12: 1032.5 | J12: 83.4 | K12: -3.9 | L12: 79.1 | M12: 628.9 | N12: 86.7 | O12: 493.5 | P12: 1120.3 | Q12: 79.4 | R12: 708 | S12: 580.2 | T12: 1 | U12: 0 | V12: 1 | W12: 1 | X12: 3 | Y12: =(I12*T12+K12*U12+M12*V12+O12*W12)/X12 -> 718.3 | Z12: =SQRT((((I12-$Y12)^2)*T12+((K12-$Y12)^2)*U12+((M12-$Y12)^2)*V12+((O12-$Y12)^2)*W12)/(X12-1)) -> 280.40064 | AA12: =(H12*T12+J12*U12+L12*V12+N12*W12)/X12 -> 84.533333 | AB12: =SQRT((((H12-$Z12)^2)*T12+((J12-$Z12)^2)*U12+((L12-$Z12)^2)*V12+((N12-$Z12)^2)*W12)/(X12-1)) -> 239.93426 | AC12: =AA12/(Y12+AA12) -> 0.10529375 | AD12: =Y12+AA12 -> 802.83333 | AE12: =SQRT((((H12+I12-$AD12)^2)*T12+((J12+K12-$AD12)^2)*U12+((L12+M12-$AD12)^2)*V12+((N12+O12-$AD12)^2)*W12)/(X12-1)) -> 282.26233 | AF12: =AE12/AD12 -> 0.35158272
A13: 37563 | B13: 0.54166667 | D13: 13 | E13: 236.54167 | F13: 44797 | G13: DOY 236: 08/24 | H13: 87.2 | I13: 1178.8 | J13: 69.3 | K13: 1085.5 | L13: 110 | M13: 953.4 | N13: 76.4 | O13: 1118.2 | P13: 1266 | Q13: 1154.9 | R13: 1063.4 | S13: 1194.6 | T13: 1 | U13: 1 | V13: 1 | W13: 1 | X13: 4 | Y13: =(I13*T13+K13*U13+M13*V13+O13*W13)/X13 -> 1083.975 | Z13: =SQRT((((I13-$Y13)^2)*T13+((K13-$Y13)^2)*U13+((M13-$Y13)^2)*V13+((O13-$Y13)^2)*W13)/(X13-1)) -> 95.2458 | AA13: =(H13*T13+J13*U13+L13*V13+N13*W13)/X13 -> 85.725 | AB13: =SQRT((((H13-$Z13)^2)*T13+((J13-$Z13)^2)*U13+((L13-$Z13)^2)*V13+((N13-$Z13)^2)*W13)/(X13-1)) -> 20.902712 | AC13: =AA13/(Y13+AA13) -> 0.073288023 | AD13: =Y13+AA13 -> 1169.7 | AE13: =SQRT((((H13+I13-$AD13)^2)*T13+((J13+K13-$AD13)^2)*U13+((L13+M13-$AD13)^2)*V13+((N13+O13-$AD13)^2)*W13)/(X13-1)) -> 84.489447 | AF13: =AE13/AD13 -> 0.072231724
A14: 37928 | B14: 0.79166667 | D14: 20 | E14: 236.83333 | F14: 44797 | G14: DOY 236: 08/24 | H14: 83.5 | I14: 1622.8 | J14: 86.8 | K14: 1174.5 | L14: 68.5 | M14: 1196.9 | N14: 77.8 | O14: 1076.4 | P14: 1706.2 | Q14: 1261.3 | R14: 1265.4 | S14: 1154.2 | T14: 1 | U14: 1 | V14: 1 | W14: 1 | X14: 4 | Y14: =(I14*T14+K14*U14+M14*V14+O14*W14)/X14 -> 1267.65 | Z14: =SQRT((((I14-$Y14)^2)*T14+((K14-$Y14)^2)*U14+((M14-$Y14)^2)*V14+((O14-$Y14)^2)*W14)/(X14-1)) -> 242.48063 | AA14: =(H14*T14+J14*U14+L14*V14+N14*W14)/X14 -> 79.15 | AB14: =SQRT((((H14-$Z14)^2)*T14+((J14-$Z14)^2)*U14+((L14-$Z14)^2)*V14+((N14-$Z14)^2)*W14)/(X14-1)) -> 188.76817 | AC14: =AA14/(Y14+AA14) -> 0.058768934 | AD14: =Y14+AA14 -> 1346.8 | AE14: =SQRT((((H14+I14-$AD14)^2)*T14+((J14+K14-$AD14)^2)*U14+((L14+M14-$AD14)^2)*V14+((N14+O14-$AD14)^2)*W14)/(X14-1)) -> 245.13345 | AF14: =AE14/AD14 -> 0.18201177
A15: 37199 | B15: 0.29166667 | C15: 258 | D15: 8 | E15: 258.33333 | F15: 44819 | G15: DOY 258: 09/15 | H15: 68.5 | I15: 233.7 | J15: 58.9 | K15: 217.8 | L15: 65.6 | M15: 121.5 | N15: 72.1 | O15: 590.7 | P15: 302.1 | Q15: 276.7 | R15: 187.2 | S15: 662.8 | T15: 1 | U15: 1 | V15: 1 | W15: 0 | X15: 3 | Y15: =(I15*T15+K15*U15+M15*V15+O15*W15)/X15 -> 191 | Z15: =SQRT((((I15-$Y15)^2)*T15+((K15-$Y15)^2)*U15+((M15-$Y15)^2)*V15+((O15-$Y15)^2)*W15)/(X15-1)) -> 60.711531 | AA15: =(H15*T15+J15*U15+L15*V15+N15*W15)/X15 -> 64.333333 | AB15: =SQRT((((H15-$Z15)^2)*T15+((J15-$Z15)^2)*U15+((L15-$Z15)^2)*V15+((N15-$Z15)^2)*W15)/(X15-1)) -> 6.6271797 | AC15: =AA15/(Y15+AA15) -> 0.25195822 | AD15: =Y15+AA15 -> 255.33333 | AE15: =SQRT((((H15+I15-$AD15)^2)*T15+((J15+K15-$AD15)^2)*U15+((L15+M15-$AD15)^2)*V15+((N15+O15-$AD15)^2)*W15)/(X15-1)) -> 60.451661 | AF15: =AE15/AD15 -> 0.23675585
A16: 37564 | B16: 0.54166667 | D16: 13 | E16: 258.54167 | F16: 44819 | G16: DOY 258: 09/15 | H16: 51.7 | I16: -3.6 | J16: 63.7 | K16: 208.5 | L16: 80.5 | M16: 63.4 | N16: 74.2 | O16: 94.8 | P16: 48 | Q16: 272.2 | R16: 143.9 | S16: 169 | T16: 0 | U16: 1 | V16: 1 | W16: 1 | X16: 3 | Y16: =(I16*T16+K16*U16+M16*V16+O16*W16)/X16 -> 122.23333 | Z16: =SQRT((((I16-$Y16)^2)*T16+((K16-$Y16)^2)*U16+((M16-$Y16)^2)*V16+((O16-$Y16)^2)*W16)/(X16-1)) -> 76.340968 | AA16: =(H16*T16+J16*U16+L16*V16+N16*W16)/X16 -> 72.8 | AB16: =SQRT((((H16-$Z16)^2)*T16+((J16-$Z16)^2)*U16+((L16-$Z16)^2)*V16+((N16-$Z16)^2)*W16)/(X16-1)) -> 9.5308802 | AC16: =AA16/(Y16+AA16) -> 0.37326953 | AD16: =Y16+AA16 -> 195.03333 | AE16: =SQRT((((H16+I16-$AD16)^2)*T16+((J16+K16-$AD16)^2)*U16+((L16+M16-$AD16)^2)*V16+((N16+O16-$AD16)^2)*W16)/(X16-1)) -> 67.996495 | AF16: =AE16/AD16 -> 0.34864038
A17: 37929 | B17: 0.79166667 | D17: 20 | E17: 258.83333 | F17: 44819 | G17: DOY 258: 09/15 | H17: 57.7 | I17: 135.6 | J17: 66.2 | K17: 471.8 | L17: 70.4 | M17: 97.6 | N17: 66.4 | O17: -0.5 | P17: 193.3 | Q17: 538 | R17: 168.1 | S17: 65.9 | T17: 1 | U17: 0 | V17: 1 | W17: 1 | X17: 3 | Y17: =(I17*T17+K17*U17+M17*V17+O17*W17)/X17 -> 77.566667 | Z17: =SQRT((((I17-$Y17)^2)*T17+((K17-$Y17)^2)*U17+((M17-$Y17)^2)*V17+((O17-$Y17)^2)*W17)/(X17-1)) -> 70.226799 | AA17: =(H17*T17+J17*U17+L17*V17+N17*W17)/X17 -> 64.833333 | AB17: =SQRT((((H17-$Z17)^2)*T17+((J17-$Z17)^2)*U17+((L17-$Z17)^2)*V17+((N17-$Z17)^2)*W17)/(X17-1)) -> 9.2626964 | AC17: =AA17/(Y17+AA17) -> 0.45529026 | AD17: =Y17+AA17 -> 142.4 | AE17: =SQRT((((H17+I17-$AD17)^2)*T17+((J17+K17-$AD17)^2)*U17+((L17+M17-$AD17)^2)*V17+((N17+O17-$AD17)^2)*W17)/(X17-1)) -> 67.447832 | AF17: =AE17/AD17 -> 0.4736505

Sheet C
A1: Sample ID | B1: Hour | C1: DOY | D1: hour | E1: time | F1: Date | G1: DOY_date | H1: GFS_1 | I1: Starch_1 | J1: GFS_2 | K1: Starch_2 | L1: GFS_3 | M1: Starch_3 | N1: GFS_4 | O1: Starch_4 | P1: Carb_tot_1 | Q1: Carb_tot_2 | R1: Carb_tot_3 | S1: Carb_tot_4 | T1: Valid_1 | U1: Valid_2 | V1: Valid_3 | W1: Valid_4 | X1: Total valid | Y1: Starch_mean | Z1: Starch_std | AA1: GFS_mean | AB1: GFS_std | AC1: GFS% | AD1: Carb_total_mean | AE1: Carb_total_std | AF1: Carb_CV | AH1: Total_std
A2: 37196 | B2: 0.41666667 | C2: 186-197 | D2: 11 | E2: 186.45833 | F2: 44747 | G2: DOY 186: 07/05 | H2: =glucose!H2*6/1000 -> 1.4262 | I2: =glucose!I2*6/1000 -> 1.7892 | J2: =glucose!J2*6/1000 -> 0 | K2: =glucose!K2*6/1000 -> 0 | L2: =glucose!L2*6/1000 -> 1.8048 | M2: =glucose!M2*6/1000 -> 0 | N2: =glucose!N2*6/1000 -> 1.4526 | O2: =glucose!O2*6/1000 -> 1.8306 | ... S2: =glucose!S2*6/1000 -> 3.2832 | T2: 1 | U2: 0 | V2: 0 | W2: 1 | X2: 2 | Y2: =(I2*T2+K2*U2+M2*V2+O2*W2)/X2 -> 1.8099 | Z2: =SQRT((((I2-$Y2)^2)*T2+((K2-$Y2)^2)*U2+((M2-$Y2)^2)*V2+((O2-$Y2)^2)*W2)/(X2-1)) -> 0.029274221 | AA2: =(H2*T2+J2*U2+L2*V2+N2*W2)/X2 -> 1.4394 | AB2: =SQRT((((H2-$Z2)^2)*T2+((J2-$Z2)^2)*U2+((L2-$Z2)^2)*V2+((N2-$Z2)^2)*W2)/(X2-1)) -> 1.9943064 | AC2: =AA2/(Y2+AA2) -> 0.44298772 | AD2: =Y2+AA2 -> 3.2493 | AE2: =SQRT((((H2+I2-$AD2)^2)*T2+((J2+K2-$AD2)^2)*U2+((L2+M2-$AD2)^2)*V2+((N2+O2-$AD2)^2)*W2)/(X2-1)) -> 0.04794184 | AF2: =AE2/AD2 -> 0.014754513 | AH2: =((H2+I2-$AD$18)^2)*T2+((J2+K2-$AD$18)^2)*U2+((L2+M2-$AD$18)^2)*V2+((N2+O2-$AD$18)^2)*W2 -> 0.61229996
A3: 37561 | B3: 0.54166667 | D3: 14 | E3: 186.58333 | F3: 44747 | G3: DOY 186: 07/05 | H3: =glucose!H3*6/1000 -> 1.0896 | I3: =glucose!I3*6/1000 -> 1.4706 | J3: =glucose!J3*6/1000 -> 0.861 | K3: =glucose!K3*6/1000 -> 3.438 | L3: =glucose!L3*6/1000 -> 0.8466 | M3: =glucose!M3*6/1000 -> 2.1288 | N3: =glucose!N3*6/1000 -> 0.6768 | O3: =glucose!O3*6/1000 -> 2.1348 | ... S3: =glucose!S3*6/1000 -> 2.8116 | T3: 1 | U3: 1 | V3: 1 | W3: 1 | X3: 4 | Y3: =(I3*T3+K3*U3+M3*V3+O3*W3)/X3 -> 2.29305 | Z3: =SQRT((((I3-$Y3)^2)*T3+((K3-$Y3)^2)*U3+((M3-$Y3)^2)*V3+((O3-$Y3)^2)*W3)/(X3-1)) -> 0.82449088 | AA3: =(H3*T3+J3*U3+L3*V3+N3*W3)/X3 -> 0.8685 | AB3: =SQRT((((H3-$Z3)^2)*T3+((J3-$Z3)^2)*U3+((L3-$Z3)^2)*V3+((N3-$Z3)^2)*W3)/(X3-1)) -> 0.17693424 | AC3: =AA3/(Y3+AA3) -> 0.27470703 | AD3: =Y3+AA3 -> 3.16155 | AE3: =SQRT((((H3+I3-$AD3)^2)*T3+((J3+K3-$AD3)^2)*U3+((L3+M3-$AD3)^2)*V3+((N3+O3-$AD3)^2)*W3)/(X3-1)) -> 0.77728827 | AF3: =AE3/AD3 -> 0.24585671 | AH3: =((H3+I3-$AD$18)^2)*T3+((J3+K3-$AD$18)^2)*U3+((L3+M3-$AD$18)^2)*V3+((N3+O3-$AD$18)^2)*W3 -> 3.4510272
A4: 37926 | B4: 0.66666667 | D4: 17 | E4: 186.70833 | F4: 44747 | G4: DOY 186: 07/05 | H4: =glucose!H4*6/1000 -> 0.8442 | I4: =glucose!I4*6/1000 -> 2.0136 | J4: =glucose!J4*6/1000 -> 1.1136 | K4: =glucose!K4*6/1000 -> 5.547 | L4: =glucose!L4*6/1000 -> 0.7296 | M4: =glucose!M4*6/1000 -> 2.2896 | N4: =glucose!N4*6/1000 -> 0.753 | O4: =glucose!O4*6/1000 -> 5.4876 | ... S4: =glucose!S4*6/1000 -> 6.2406 | T4: 0 | U4: 1 | V4: 0 | W4: 1 | X4: 2 | Y4: =(I4*T4+K4*U4+M4*V4+O4*W4)/X4 -> 5.5173 | Z4: =SQRT((((I4-$Y4)^2)*T4+((K4-$Y4)^2)*U4+((M4-$Y4)^2)*V4+((O4-$Y4)^2)*W4)/(X4-1)) -> 0.042002143 | AA4: =(H4*T4+J4*U4+L4*V4+N4*W4)/X4 -> 0.9333 | AB4: =SQRT((((H4-$Z4)^2)*T4+((J4-$Z4)^2)*U4+((L4-$Z4)^2)*V4+((N4-$Z4)^2)*W4)/(X4-1)) -> 1.2860171 | AC4: =AA4/(Y4+AA4) -> 0.14468422 | AD4: =Y4+AA4 -> 6.4506 | AE4: =SQRT((((H4+I4-$AD4)^2)*T4+((J4+K4-$AD4)^2)*U4+((L4+M4-$AD4)^2)*V4+((N4+O4-$AD4)^2)*W4)/(X4-1)) -> 0.29698485 | AF4: =AE4/AD4 -> 0.04603988 | AH4: =((H4+I4-$AD$18)^2)*T4+((J4+K4-$AD$18)^2)*U4+((L4+M4-$AD$18)^2)*V4+((N4+O4-$AD$18)^2)*W4 -> 14.122933
A5: 38292 | B5: 0.79166667 | D5: 20 | E5: 186.83333 | F5: 44747 | G5: DOY 186: 07/05 | H5: =glucose!H5*6/1000 -> 0.6888 | I5: =glucose!I5*6/1000 -> 5.7714 | J5: =glucose!J5*6/1000 -> 0.7104 | K5: =glucose!K5*6/1000 -> 4.8258 | L5: =glucose!L5*6/1000 -> 0.6738 | M5: =glucose!M5*6/1000 -> 5.1066 | N5: =glucose!N5*6/1000 -> 0.7122 | O5: =glucose!O5*6/1000 -> 4.9734 | ... S5: =glucose!S5*6/1000 -> 5.6856 | T5: 1 | U5: 0 | V5: 1 | W5: 1 | X5: 3 | Y5: =(I5*T5+K5*U5+M5*V5+O5*W5)/X5 -> 5.2838 | Z5: =SQRT((((I5-$Y5)^2)*T5+((K5-$Y5)^2)*U5+((M5-$Y5)^2)*V5+((O5-$Y5)^2)*W5)/(X5-1)) -> 0.42749372 | AA5: =(H5*T5+J5*U5+L5*V5+N5*W5)/X5 -> 0.6916 | AB5: =SQRT((((H5-$Z5)^2)*T5+((J5-$Z5)^2)*U5+((L5-$Z5)^2)*V5+((N5-$Z5)^2)*W5)/(X5-1)) -> 0.32404122 | AC5: =AA5/(Y5+AA5) -> 0.11574121 | AD5: =Y5+AA5 -> 5.9754 | AE5: =SQRT((((H5+I5-$AD5)^2)*T5+((J5+K5-$AD5)^2)*U5+((L5+M5-$AD5)^2)*V5+((N5+O5-$AD5)^2)*W5)/(X5-1)) -> 0.42251632 | AF5: =AE5/AD5 -> 0.070709295 | AH5: =((H5+I5-$AD$18)^2)*T5+((J5+K5-$AD$18)^2)*U5+((L5+M5-$AD$18)^2)*V5+((N5+O5-$AD$18)^2)*W5 -> 14.533667
A6: 38657 | B6: 0.91666667 | D6: 23 | E6: 186.95833 | F6: 44747 | G6: DOY 186: 07/05 | H6: =glucose!H6*6/1000 -> 0.6888 | I6: =glucose!I6*6/1000 -> 5.7714 | J6: =glucose!J6*6/1000 -> 0.7104 | K6: =glucose!K6*6/1000 -> 4.8258 | L6: =glucose!L6*6/1000 -> 0.6738 | M6: =glucose!M6*6/1000 -> 5.1066 | N6: =glucose!N6*6/1000 -> 0.7122 | O6: =glucose!O6*6/1000 -> 4.9734 | ... S6: =glucose!S6*6/1000 -> 5.6856 | T6: 1 | U6: 0 | V6: 1 | W6: 1 | X6: 3 | Y6: =(I6*T6+K6*U6+M6*V6+O6*W6)/X6 -> 5.2838 | Z6: =SQRT((((I6-$Y6)^2)*T6+((K6-$Y6)^2)*U6+((M6-$Y6)^2)*V6+((O6-$Y6)^2)*W6)/(X6-1)) -> 0.42749372 | AA6: =(H6*T6+J6*U6+L6*V6+N6*W6)/X6 -> 0.6916 | AB6: =SQRT((((H6-$Z6)^2)*T6+((J6-$Z6)^2)*U6+((L6-$Z6)^2)*V6+((N6-$Z6)^2)*W6)/(X6-1)) -> 0.32404122 | AC6: =AA6/(Y6+AA6) -> 0.11574121 | AD6: =Y6+AA6 -> 5.9754 | AE6: =SQRT((((H6+I6-$AD6)^2)*T6+((J6+K6-$AD6)^2)*U6+((L6+M6-$AD6)^2)*V6+((N6+O6-$AD6)^2)*W6)/(X6-1)) -> 0.42251632 | AF6: =AE6/AD6 -> 0.070709295 | AH6: =((H6+I6-$AD$18)^2)*T6+((J6+K6-$AD$18)^2)*U6+((L6+M6-$AD$18)^2)*V6+((N6+O6-$AD$18)^2)*W6 -> 14.533667
A7: 39022 | B7: 0.041666667 | D7: 2 | E7: 187.08333 | F7: 44748 | G7: DOY 187: 07/06 | H7: =glucose!H7*6/1000 -> 0.7452 | I7: =glucose!I7*6/1000 -> 1.8336 | J7: =glucose!J7*6/1000 -> 0.7092 | K7: =glucose!K7*6/1000 -> 2.8476 | L7: =glucose!L7*6/1000 -> 0.5688 | M7: =glucose!M7*6/1000 -> 3.3576 | N7: =glucose!N7*6/1000 -> 0.663 | O7: =glucose!O7*6/1000 -> 2.0238 | ... S7: =glucose!S7*6/1000 -> 2.6868 | T7: 1 | U7: 1 | V7: 1 | W7: 1 | X7: 4 | Y7: =(I7*T7+K7*U7+M7*V7+O7*W7)/X7 -> 2.51565 | Z7: =SQRT((((I7-$Y7)^2)*T7+((K7-$Y7)^2)*U7+((M7-$Y7)^2)*V7+((O7-$Y7)^2)*W7)/(X7-1)) -> 0.71325059 | AA7: =(H7*T7+J7*U7+L7*V7+N7*W7)/X7 -> 0.67155 | AB7: =SQRT((((H7-$Z7)^2)*T7+((J7-$Z7)^2)*U7+((L7-$Z7)^2)*V7+((N7-$Z7)^2)*W7)/(X7-1)) -> 0.090237221 | AC7: =AA7/(Y7+AA7) -> 0.21070218 | AD7: =Y7+AA7 -> 3.1872 | AE7: =SQRT((((H7+I7-$AD7)^2)*T7+((J7+K7-$AD7)^2)*U7+((L7+M7-$AD7)^2)*V7+((N7+O7-$AD7)^2)*W7)/(X7-1)) -> 0.65918422 | AF7: =AE7/AD7 -> 0.20682236 | AH7: =((H7+I7-$AD$18)^2)*T7+((J7+K7-$AD$18)^2)*U7+((L7+M7-$AD$18)^2)*V7+((N7+O7-$AD$18)^2)*W7 -> 2.8133674
A8: 39387 | B8: 0.16666667 | D8: 5 | E8: 187.20833 | F8: 44748 | G8: DOY 187: 07/06 | H8: =glucose!H8*6/1000 -> 0.7518 | I8: =glucose!I8*6/1000 -> 0.8166 | J8: =glucose!J8*6/1000 -> 0.852 | K8: =glucose!K8*6/1000 -> 1.0686 | L8: =glucose!L8*6/1000 -> 0.8676 | M8: =glucose!M8*6/1000 -> -0.03 | N8: =glucose!N8*6/1000 -> 0.759 | O8: =glucose!O8*6/1000 -> 0.7062 | ... S8: =glucose!S8*6/1000 -> 1.4652 | T8: 1 | U8: 1 | V8: 0 | W8: 1 | X8: 3 | Y8: =(I8*T8+K8*U8+M8*V8+O8*W8)/X8 -> 0.8638 | Z8: =SQRT((((I8-$Y8)^2)*T8+((K8-$Y8)^2)*U8+((M8-$Y8)^2)*V8+((O8-$Y8)^2)*W8)/(X8-1)) -> 0.18575338 | AA8: =(H8*T8+J8*U8+L8*V8+N8*W8)/X8 -> 0.7876 | AB8: =SQRT((((H8-$Z8)^2)*T8+((J8-$Z8)^2)*U8+((L8-$Z8)^2)*V8+((N8-$Z8)^2)*W8)/(X8-1)) -> 0.73922426 | AC8: =AA8/(Y8+AA8) -> 0.47692867 | AD8: =Y8+AA8 -> 1.6514 | AE8: =SQRT((((H8+I8-$AD8)^2)*T8+((J8+K8-$AD8)^2)*U8+((L8+M8-$AD8)^2)*V8+((N8+O8-$AD8)^2)*W8)/(X8-1)) -> 0.23877613 | AF8: =AE8/AD8 -> 0.14459012 | AH8: =((H8+I8-$AD$18)^2)*T8+((J8+K8-$AD$18)^2)*U8+((L8+M8-$AD$18)^2)*V8+((N8+O8-$AD$18)^2)*W8 -> 13.983705
A9: 39753 | B9: 0.29166667 | D9: 8 | E9: 187.33333 | F9: 44748 | G9: DOY 187: 07/06 | H9: =glucose!H9*6/1000 -> 0.6474 | I9: =glucose!I9*6/1000 -> 0.2064 | J9: =glucose!J9*6/1000 -> 0.7188 | K9: =glucose!K9*6/1000 -> 0.1356 | L9: =glucose!L9*6/1000 -> 0.69 | M9: =glucose!M9*6/1000 -> 0.2664 | N9: =glucose!N9*6/1000 -> 0.816 | O9: =glucose!O9*6/1000 -> -0.0384 | ... S9: =glucose!S9*6/1000 -> 0.7776 | T9: 1 | U9: 1 | V9: 1 | W9: 0 | X9: 3 | Y9: =(I9*T9+K9*U9+M9*V9+O9*W9)/X9 -> 0.2028 | Z9: =SQRT((((I9-$Y9)^2)*T9+((K9-$Y9)^2)*U9+((M9-$Y9)^2)*V9+((O9-$Y9)^2)*W9)/(X9-1)) -> 0.06547427 | AA9: =(H9*T9+J9*U9+L9*V9+N9*W9)/X9 -> 0.6854 | AB9: =SQRT((((H9-$Z9)^2)*T9+((J9-$Z9)^2)*U9+((L9-$Z9)^2)*V9+((N9-$Z9)^2)*W9)/(X9-1)) -> 0.76010014 | AC9: =AA9/(Y9+AA9) -> 0.77167305 | AD9: =Y9+AA9 -> 0.8882 | AE9: =SQRT((((H9+I9-$AD9)^2)*T9+((J9+K9-$AD9)^2)*U9+((L9+M9-$AD9)^2)*V9+((N9+O9-$AD9)^2)*W9)/(X9-1)) -> 0.059063694 | AF9: =AE9/AD9 -> 0.066498192 | AH9: =((H9+I9-$AD$18)^2)*T9+((J9+K9-$AD$18)^2)*U9+((L9+M9-$AD$18)^2)*V9+((N9+O9-$AD$18)^2)*W9 -> 25.470129
A10: 37197 | B10: 0.29166667 | C10: 209 | D10: 8 | E10: 209.33333 | F10: 44770 | G10: DOY 209: 07/28 | H10: =glucose!H10*6/1000 -> 1.0326 | I10: =glucose!I10*6/1000 -> 0.8628 | J10: =glucose!J10*6/1000 -> 1.0092 | K10: =glucose!K10*6/1000 -> 0.0738 | L10: =glucose!L10*6/1000 -> 0.9588 | M10: =glucose!M10*6/1000 -> 10.8054 | N10: =glucose!N10*6/1000 -> 1.2738 | O10: =glucose!O10*6/1000 -> 0.6252 | ... S10: =glucose!S10*6/1000 -> 1.899 | T10: 1 | U10: 0 | V10: 0 | W10: 1 | X10: 2 | Y10: =(I10*T10+K10*U10+M10*V10+O10*W10)/X10 -> 0.744 | Z10: =SQRT((((I10-$Y10)^2)*T10+((K10-$Y10)^2)*U10+((M10-$Y10)^2)*V10+((O10-$Y10)^2)*W10)/(X10-1)) -> 0.16800857 | AA10: =(H10*T10+J10*U10+L10*V10+N10*W10)/X10 -> 1.1532 | AB10: =SQRT((((H10-$Z10)^2)*T10+((J10-$Z10)^2)*U10+((L10-$Z10)^2)*V10+((N10-$Z10)^2)*W10)/(X10-1)) -> 1.4036713 | AC10: =AA10/(Y10+AA10) -> 0.60784314 | AD10: =Y10+AA10 -> 1.8972 | AE10: =SQRT((((H10+I10-$AD10)^2)*T10+((J10+K10-$AD10)^2)*U10+((L10+M10-$AD10)^2)*V10+((N10+O10-$AD10)^2)*W10)/(X10-1)) -> 0.0025455844 | AF10: =AE10/AD10 -> 0.0013417586 | AH10: =((H10+I10-$AD$18)^2)*T10+((J10+K10-$AD$18)^2)*U10+((L10+M10-$AD$18)^2)*V10+((N10+O10-$AD$18)^2)*W10 -> 7.2532472
A11: 37562 | B11: 0.54166667 | D11: 13 | E11: 209.54167 | F11: 44770 | G11: DOY 209: 07/28 | H11: =glucose!H11*6/1000 -> 1.1292 | I11: =glucose!I11*6/1000 -> 1.3098 | J11: =glucose!J11*6/1000 -> 1.4808 | K11: =glucose!K11*6/1000 -> 4.3176 | L11: =glucose!L11*6/1000 -> 1.203 | M11: =glucose!M11*6/1000 -> 5.3682 | N11: =glucose!N11*6/1000 -> 1.6098 | O11: =glucose!O11*6/1000 -> 3.2466 | ... S11: =glucose!S11*6/1000 -> 4.8558 | T11: 1 | U11: 1 | V11: 1 | W11: 1 | X11: 4 | Y11: =(I11*T11+K11*U11+M11*V11+O11*W11)/X11 -> 3.56055 | Z11: =SQRT((((I11-$Y11)^2)*T11+((K11-$Y11)^2)*U11+((M11-$Y11)^2)*V11+((O11-$Y11)^2)*W11)/(X11-1)) -> 1.7325476 | AA11: =(H11*T11+J11*U11+L11*V11+N11*W11)/X11 -> 1.3557 | AB11: =SQRT((((H11-$Z11)^2)*T11+((J11-$Z11)^2)*U11+((L11-$Z11)^2)*V11+((N11-$Z11)^2)*W11)/(X11-1)) -> 0.4908811 | AC11: =AA11/(Y11+AA11) -> 0.27575896 | AD11: =Y11+AA11 -> 4.91625 | AE11: =SQRT((((H11+I11-$AD11)^2)*T11+((J11+K11-$AD11)^2)*U11+((L11+M11-$AD11)^2)*V11+((N11+O11-$AD11)^2)*W11)/(X11-1)) -> 1.7941941 | AF11: =AE11/AD11 -> 0.36495177 | AH11: =((H11+I11-$AD$18)^2)*T11+((J11+K11-$AD$18)^2)*U11+((L11+M11-$AD$18)^2)*V11+((N11+O11-$AD$18)^2)*W11 -> 14.627455
A12: 37198 | B12: 0.29166667 | C12: 236 | D12: 8 | E12: 236.33333 | F12: 44797 | G12: DOY 236: 08/24 | H12: =glucose!H12*6/1000 -> 0.5268 | I12: =glucose!I12*6/1000 -> 6.195 | J12: =glucose!J12*6/1000 -> 0.5004 | K12: =glucose!K12*6/1000 -> -0.0234 | L12: =glucose!L12*6/1000 -> 0.4746 | M12: =glucose!M12*6/1000 -> 3.7734 | N12: =glucose!N12*6/1000 -> 0.5202 | O12: =glucose!O12*6/1000 -> 2.961 | ... S12: =glucose!S12*6/1000 -> 3.4812 | T12: 1 | U12: 0 | V12: 1 | W12: 1 | X12: 3 | Y12: =(I12*T12+K12*U12+M12*V12+O12*W12)/X12 -> 4.3098 | Z12: =SQRT((((I12-$Y12)^2)*T12+((K12-$Y12)^2)*U12+((M12-$Y12)^2)*V12+((O12-$Y12)^2)*W12)/(X12-1)) -> 1.6824039 | AA12: =(H12*T12+J12*U12+L12*V12+N12*W12)/X12 -> 0.5072 | AB12: =SQRT((((H12-$Z12)^2)*T12+((J12-$Z12)^2)*U12+((L12-$Z12)^2)*V12+((N12-$Z12)^2)*W12)/(X12-1)) -> 1.4396055 | AC12: =AA12/(Y12+AA12) -> 0.10529375 | AD12: =Y12+AA12 -> 4.817 | AE12: =SQRT((((H12+I12-$AD12)^2)*T12+((J12+K12-$AD12)^2)*U12+((L12+M12-$AD12)^2)*V12+((N12+O12-$AD12)^2)*W12)/(X12-1)) -> 1.693574 | AF12: =AE12/AD12 -> 0.35158272 | AH12: =((H12+I12-$AD$18)^2)*T12+((J12+K12-$AD$18)^2)*U12+((L12+M12-$AD$18)^2)*V12+((N12+O12-$AD$18)^2)*W12 -> 8.8296876
A13: 37563 | B13: 0.54166667 | D13: 13 | E13: 236.54167 | F13: 44797 | G13: DOY 236: 08/24 | H13: =glucose!H13*6/1000 -> 0.5232 | I13: =glucose!I13*6/1000 -> 7.0728 | J13: =glucose!J13*6/1000 -> 0.4158 | K13: =glucose!K13*6/1000 -> 6.513 | L13: =glucose!L13*6/1000 -> 0.66 | M13: =glucose!M13*6/1000 -> 5.7204 | N13: =glucose!N13*6/1000 -> 0.4584 | O13: =glucose!O13*6/1000 -> 6.7092 | ... S13: =glucose!S13*6/1000 -> 7.1676 | T13: 1 | U13: 1 | V13: 1 | W13: 1 | X13: 4 | Y13: =(I13*T13+K13*U13+M13*V13+O13*W13)/X13 -> 6.50385 | Z13: =SQRT((((I13-$Y13)^2)*T13+((K13-$Y13)^2)*U13+((M13-$Y13)^2)*V13+((O13-$Y13)^2)*W13)/(X13-1)) -> 0.5714748 | AA13: =(H13*T13+J13*U13+L13*V13+N13*W13)/X13 -> 0.51435 | AB13: =SQRT((((H13-$Z13)^2)*T13+((J13-$Z13)^2)*U13+((L13-$Z13)^2)*V13+((N13-$Z13)^2)*W13)/(X13-1)) -> 0.12541627 | AC13: =AA13/(Y13+AA13) -> 0.073288023 | AD13: =Y13+AA13 -> 7.0182 | AE13: =SQRT((((H13+I13-$AD13)^2)*T13+((J13+K13-$AD13)^2)*U13+((L13+M13-$AD13)^2)*V13+((N13+O13-$AD13)^2)*W13)/(X13-1)) -> 0.50693668 | AF13: =AE13/AD13 -> 0.072231724 | AH13: =((H13+I13-$AD$18)^2)*T13+((J13+K13-$AD$18)^2)*U13+((L13+M13-$AD$18)^2)*V13+((N13+O13-$AD$18)^2)*W13 -> 42.157821
A14: 37928 | B14: 0.79166667 | D14: 20 | E14: 236.83333 | F14: 44797 | G14: DOY 236: 08/24 | H14: =glucose!H14*6/1000 -> 0.501 | I14: =glucose!I14*6/1000 -> 9.7368 | J14: =glucose!J14*6/1000 -> 0.5208 | K14: =glucose!K14*6/1000 -> 7.047 | L14: =glucose!L14*6/1000 -> 0.411 | M14: =glucose!M14*6/1000 -> 7.1814 | N14: =glucose!N14*6/1000 -> 0.4668 | O14: =glucose!O14*6/1000 -> 6.4584 | ... S14: =glucose!S14*6/1000 -> 6.9252 | T14: 1 | U14: 1 | V14: 1 | W14: 1 | X14: 4 | Y14: =(I14*T14+K14*U14+M14*V14+O14*W14)/X14 -> 7.6059 | Z14: =SQRT((((I14-$Y14)^2)*T14+((K14-$Y14)^2)*U14+((M14-$Y14)^2)*V14+((O14-$Y14)^2)*W14)/(X14-1)) -> 1.4548838 | AA14: =(H14*T14+J14*U14+L14*V14+N14*W14)/X14 -> 0.4749 | AB14: =SQRT((((H14-$Z14)^2)*T14+((J14-$Z14)^2)*U14+((L14-$Z14)^2)*V14+((N14-$Z14)^2)*W14)/(X14-1)) -> 1.132609 | AC14: =AA14/(Y14+AA14) -> 0.058768934 | AD14: =Y14+AA14 -> 8.0808 | AE14: =SQRT((((H14+I14-$AD14)^2)*T14+((J14+K14-$AD14)^2)*U14+((L14+M14-$AD14)^2)*V14+((N14+O14-$AD14)^2)*W14)/(X14-1)) -> 1.4708007 | AF14: =AE14/AD14 -> 0.18201177 | AH14: =((H14+I14-$AD$18)^2)*T14+((J14+K14-$AD$18)^2)*U14+((L14+M14-$AD$18)^2)*V14+((N14+O14-$AD$18)^2)*W14 -> 79.737044
A15: 37199 | B15: 0.29166667 | C15: 258 | D15: 8 | E15: 258.33333 | F15: 44819 | G15: DOY 258: 09/15 | H15: =glucose!H15*6/1000 -> 0.411 | I15: =glucose!I15*6/1000 -> 1.4022 | J15: =glucose!J15*6/1000 -> 0.3534 | K15: =glucose!K15*6/1000 -> 1.3068 | L15: =glucose!L15*6/1000 -> 0.3936 | M15: =glucose!M15*6/1000 -> 0.729 | N15: =glucose!N15*6/1000 -> 0.4326 | O15: =glucose!O15*6/1000 -> 3.5442 | ... S15: =glucose!S15*6/1000 -> 3.9768 | T15: 1 | U15: 1 | V15: 1 | W15: 0 | X15: 3 | Y15: =(I15*T15+K15*U15+M15*V15+O15*W15)/X15 -> 1.146 | Z15: =SQRT((((I15-$Y15)^2)*T15+((K15-$Y15)^2)*U15+((M15-$Y15)^2)*V15+((O15-$Y15)^2)*W15)/(X15-1)) -> 0.36426919 | AA15: =(H15*T15+J15*U15+L15*V15+N15*W15)/X15 -> 0.386 | AB15: =SQRT((((H15-$Z15)^2)*T15+((J15-$Z15)^2)*U15+((L15-$Z15)^2)*V15+((N15-$Z15)^2)*W15)/(X15-1)) -> 0.039763078 | AC15: =AA15/(Y15+AA15) -> 0.25195822 | AD15: =Y15+AA15 -> 1.532 | AE15: =SQRT((((H15+I15-$AD15)^2)*T15+((J15+K15-$AD15)^2)*U15+((L15+M15-$AD15)^2)*V15+((N15+O15-$AD15)^2)*W15)/(X15-1)) -> 0.36270997 | AF15: =AE15/AD15 -> 0.23675585 | AH15: =((H15+I15-$AD$18)^2)*T15+((J15+K15-$AD$18)^2)*U15+((L15+M15-$AD$18)^2)*V15+((N15+O15-$AD$18)^2)*W15 -> 15.715944
A16: 37564 | B16: 0.54166667 | D16: 13 | E16: 258.54167 | F16: 44819 | G16: DOY 258: 09/15 | H16: =glucose!H16*6/1000 -> 0.3102 | I16: =glucose!I16*6/1000 -> -0.0216 | J16: =glucose!J16*6/1000 -> 0.3822 | K16: =glucose!K16*6/1000 -> 1.251 | L16: =glucose!L16*6/1000 -> 0.483 | M16: =glucose!M16*6/1000 -> 0.3804 | N16: =glucose!N16*6/1000 -> 0.4452 | O16: =glucose!O16*6/1000 -> 0.5688 | ... S16: =glucose!S16*6/1000 -> 1.014 | T16: 0 | U16: 1 | V16: 1 | W16: 1 | X16: 3 | Y16: =(I16*T16+K16*U16+M16*V16+O16*W16)/X16 -> 0.7334 | Z16: =SQRT((((I16-$Y16)^2)*T16+((K16-$Y16)^2)*U16+((M16-$Y16)^2)*V16+((O16-$Y16)^2)*W16)/(X16-1)) -> 0.45804581 | AA16: =(H16*T16+J16*U16+L16*V16+N16*W16)/X16 -> 0.4368 | AB16: =SQRT((((H16-$Z16)^2)*T16+((J16-$Z16)^2)*U16+((L16-$Z16)^2)*V16+((N16-$Z16)^2)*W16)/(X16-1)) -> 0.057185281 | AC16: =AA16/(Y16+AA16) -> 0.37326953 | AD16: =Y16+AA16 -> 1.1702 | AE16: =SQRT((((H16+I16-$AD16)^2)*T16+((J16+K16-$AD16)^2)*U16+((L16+M16-$AD16)^2)*V16+((N16+O16-$AD16)^2)*W16)/(X16-1)) -> 0.40797897 | AF16: =AE16/AD16 -> 0.34864038 | AH16: =((H16+I16-$AD$18)^2)*T16+((J16+K16-$AD$18)^2)*U16+((L16+M16-$AD$18)^2)*V16+((N16+O16-$AD$18)^2)*W16 -> 21.105198
A17: 37929 | B17: 0.79166667 | D17: 20 | E17: 258.83333 | F17: 44819 | G17: DOY 258: 09/15 | H17: =glucose!H17*6/1000 -> 0.3462 | I17: =glucose!I17*6/1000 -> 0.8136 | J17: =glucose!J17*6/1000 -> 0.3972 | K17: =glucose!K17*6/1000 -> 2.8308 | L17: =glucose!L17*6/1000 -> 0.4224 | M17: =glucose!M17*6/1000 -> 0.5856 | N17: =glucose!N17*6/1000 -> 0.3984 | O17: =glucose!O17*6/1000 -> -0.003 | ... S17: =glucose!S17*6/1000 -> 0.3954 | T17: 1 | U17: 0 | V17: 1 | W17: 1 | X17: 3 | Y17: =(I17*T17+K17*U17+M17*V17+O17*W17)/X17 -> 0.4654 | Z17: =SQRT((((I17-$Y17)^2)*T17+((K17-$Y17)^2)*U17+((M17-$Y17)^2)*V17+((O17-$Y17)^2)*W17)/(X17-1)) -> 0.4213608 | AA17: =(H17*T17+J17*U17+L17*V17+N17*W17)/X17 -> 0.389 | AB17: =SQRT((((H17-$Z17)^2)*T17+((J17-$Z17)^2)*U17+((L17-$Z17)^2)*V17+((N17-$Z17)^2)*W17)/(X17-1)) -> 0.055576179 | AC17: =AA17/(Y17+AA17) -> 0.45529026 | AD17: =Y17+AA17 -> 0.8544 | AE17: =SQRT((((H17+I17-$AD17)^2)*T17+((J17+K17-$AD17)^2)*U17+((L17+M17-$AD17)^2)*V17+((N17+O17-$AD17)^2)*W17)/(X17-1)) -> 0.40468699 | AF17: =AE17/AD17 -> 0.4736505 | AH17: =((H17+I17-$AD$18)^2)*T17+((J17+K17-$AD$18)^2)*U17+((L17+M17-$AD$18)^2)*V17+((N17+O17-$AD$18)^2)*W17 -> 26.384954
AD18: =AVERAGE(AD2:AD17) -> 3.8015687 | AH18: =SQRT(SUM(AH2:AH17)/(SUM(X2:X17)-1)) -> 2.4962508

Sheet DM
A1: Sample ID | B1: Hour | C1: DOY | D1: hour | E1: time | F1: Date | G1: DOY_date | H1: GFS_1 | I1: Starch_1 | J1: GFS_2 | K1: Starch_2 | L1: GFS_3 | M1: Starch_3 | N1: GFS_4 | O1: Starch_4 | P1: Carb_tot_1 | Q1: Carb_tot_2 | R1: Carb_tot_3 | S1: Carb_tot_4 | T1: Valid_1 | U1: Valid_2 | V1: Valid_3 | W1: Valid_4 | X1: Total valid | Y1: Starch_mean | Z1: Starch_std | AA1: Starch% | AC1: GFS_mean | AD1: GFS_std | AE1: GFS% | AF1: Carb_total_mean | AG1: Carb_total_std | AH1: Carb_CV | AJ1: Total_std
A2: 37196 | B2: 0.41666667 | C2: 186-197 | D2: 11 | E2: 186.45833 | F2: 44747 | G2: DOY 186: 07/05 | H2: =og!H2*0.18 -> 42.786 | I2: =og!I2*0.18 -> 53.676 | J2: =og!J2*0.18 -> 0 | K2: =og!K2*0.18 -> 0 | L2: =og!L2*0.18 -> 54.144 | M2: =og!M2*0.18 -> 0 | N2: =og!N2*0.18 -> 43.578 | O2: =og!O2*0.18 -> 54.918 | ... S2: =og!S2*0.18 -> 98.496 | T2: 1 | U2: 0 | V2: 0 | W2: 1 | X2: 2 | Y2: =(I2*T2+K2*U2+M2*V2+O2*W2)/X2 -> 54.297 | Z2: =SQRT((((I2-$Y2)^2)*T2+((K2-$Y2)^2)*U2+((M2-$Y2)^2)*V2+((O2-$Y2)^2)*W2)/(X2-1)) -> 0.87822662 | AA2: =Y2/(Y2+AC2) -> 0.55701228 | AB2: =AVERAGE(AA2:AA9) -> 0.68085434 | AC2: =(H2*T2+J2*U2+L2*V2+N2*W2)/X2 -> 43.182 | AD2: =SQRT((((H2-$Z2)^2)*T2+((J2-$Z2)^2)*U2+((L2-$Z2)^2)*V2+((N2-$Z2)^2)*W2)/(X2-1)) -> 59.829191 | AE2: =AC2/(Y2+AC2) -> 0.44298772 | AF2: =Y2+AC2 -> 97.479 | AG2: =SQRT((((H2+I2-$AF2)^2)*T2+((J2+K2-$AF2)^2)*U2+((L2+M2-$AF2)^2)*V2+((N2+O2-$AF2)^2)*W2)/(X2-1)) -> 1.4382552 | AH2: =AG2/AF2 -> 0.014754513 | AJ2: =((H2+I2-$AF$18)^2)*T2+((J2+K2-$AF$18)^2)*U2+((L2+M2-$AF$18)^2)*V2+((N2+O2-$AF$18)^2)*W2 -> 551.06997
A3: 37561 | B3: 0.54166667 | D3: 14 | E3: 186.58333 | F3: 44747 | G3: DOY 186: 07/05 | H3: =og!H3*0.18 -> 32.688 | I3: =og!I3*0.18 -> 44.118 | J3: =og!J3*0.18 -> 25.83 | K3: =og!K3*0.18 -> 103.14 | L3: =og!L3*0.18 -> 25.398 | M3: =og!M3*0.18 -> 63.864 | N3: =og!N3*0.18 -> 20.304 | O3: =og!O3*0.18 -> 64.044 | ... S3: =og!S3*0.18 -> 84.348 | T3: 1 | U3: 1 | V3: 1 | W3: 1 | X3: 4 | Y3: =(I3*T3+K3*U3+M3*V3+O3*W3)/X3 -> 68.7915 | Z3: =SQRT((((I3-$Y3)^2)*T3+((K3-$Y3)^2)*U3+((M3-$Y3)^2)*V3+((O3-$Y3)^2)*W3)/(X3-1)) -> 24.734726 | AA3: =Y3/(Y3+AC3) -> 0.72529297 | AC3: =(H3*T3+J3*U3+L3*V3+N3*W3)/X3 -> 26.055 | AD3: =SQRT((((H3-$Z3)^2)*T3+((J3-$Z3)^2)*U3+((L3-$Z3)^2)*V3+((N3-$Z3)^2)*W3)/(X3-1)) -> 5.3080271 | AE3: =AC3/(Y3+AC3) -> 0.27470703 | AF3: =Y3+AC3 -> 94.8465 | AG3: =SQRT((((H3+I3-$AF3)^2)*T3+((J3+K3-$AF3)^2)*U3+((L3+M3-$AF3)^2)*V3+((N3+O3-$AF3)^2)*W3)/(X3-1)) -> 23.318648 | AH3: =AG3/AF3 -> 0.24585671 | AJ3: =((H3+I3-$AF$18)^2)*T3+((J3+K3-$AF$18)^2)*U3+((L3+M3-$AF$18)^2)*V3+((N3+O3-$AF$18)^2)*W3 -> 3105.9244
A4: 37926 | B4: 0.66666667 | D4: 17 | E4: 186.70833 | F4: 44747 | G4: DOY 186: 07/05 | H4: =og!H4*0.18 -> 25.326 | I4: =og!I4*0.18 -> 60.408 | J4: =og!J4*0.18 -> 33.408 | K4: =og!K4*0.18 -> 166.41 | L4: =og!L4*0.18 -> 21.888 | M4: =og!M4*0.18 -> 68.688 | N4: =og!N4*0.18 -> 22.59 | O4: =og!O4*0.18 -> 164.628 | ... S4: =og!S4*0.18 -> 187.218 | T4: 0 | U4: 1 | V4: 0 | W4: 1 | X4: 2 | Y4: =(I4*T4+K4*U4+M4*V4+O4*W4)/X4 -> 165.519 | Z4: =SQRT((((I4-$Y4)^2)*T4+((K4-$Y4)^2)*U4+((M4-$Y4)^2)*V4+((O4-$Y4)^2)*W4)/(X4-1)) -> 1.2600643 | AA4: =Y4/(Y4+AC4) -> 0.85531578 | AC4: =(H4*T4+J4*U4+L4*V4+N4*W4)/X4 -> 27.999 | AD4: =SQRT((((H4-$Z4)^2)*T4+((J4-$Z4)^2)*U4+((L4-$Z4)^2)*V4+((N4-$Z4)^2)*W4)/(X4-1)) -> 38.580512 | AE4: =AC4/(Y4+AC4) -> 0.14468422 | AF4: =Y4+AC4 -> 193.518 | AG4: =SQRT((((H4+I4-$AF4)^2)*T4+((J4+K4-$AF4)^2)*U4+((L4+M4-$AF4)^2)*V4+((N4+O4-$AF4)^2)*W4)/(X4-1)) -> 8.9095454 | AH4: =AG4/AF4 -> 0.04603988 | AJ4: =((H4+I4-$AF$18)^2)*T4+((J4+K4-$AF$18)^2)*U4+((L4+M4-$AF$18)^2)*V4+((N4+O4-$AF$18)^2)*W4 -> 12710.64
A5: 38292 | B5: 0.79166667 | D5: 20 | E5: 186.83333 | F5: 44747 | G5: DOY 186: 07/05 | H5: =og!H5*0.18 -> 20.664 | I5: =og!I5*0.18 -> 173.142 | J5: =og!J5*0.18 -> 21.312 | K5: =og!K5*0.18 -> 144.774 | L5: =og!L5*0.18 -> 20.214 | M5: =og!M5*0.18 -> 153.198 | N5: =og!N5*0.18 -> 21.366 | O5: =og!O5*0.18 -> 149.202 | ... S5: =og!S5*0.18 -> 170.568 | T5: 1 | U5: 0 | V5: 1 | W5: 1 | X5: 3 | Y5: =(I5*T5+K5*U5+M5*V5+O5*W5)/X5 -> 158.514 | Z5: =SQRT((((I5-$Y5)^2)*T5+((K5-$Y5)^2)*U5+((M5-$Y5)^2)*V5+((O5-$Y5)^2)*W5)/(X5-1)) -> 12.824812 | AA5: =Y5/(Y5+AC5) -> 0.88425879 | AC5: =(H5*T5+J5*U5+L5*V5+N5*W5)/X5 -> 20.748 | AD5: =SQRT((((H5-$Z5)^2)*T5+((J5-$Z5)^2)*U5+((L5-$Z5)^2)*V5+((N5-$Z5)^2)*W5)/(X5-1)) -> 9.7212366 | AE5: =AC5/(Y5+AC5) -> 0.11574121 | AF5: =Y5+AC5 -> 179.262 | AG5: =SQRT((((H5+I5-$AF5)^2)*T5+((J5+K5-$AF5)^2)*U5+((L5+M5-$AF5)^2)*V5+((N5+O5-$AF5)^2)*W5)/(X5-1)) -> 12.67549 | AH5: =AG5/AF5 -> 0.070709295 | AJ5: =((H5+I5-$AF$18)^2)*T5+((J5+K5-$AF$18)^2)*U5+((L5+M5-$AF$18)^2)*V5+((N5+O5-$AF$18)^2)*W5 -> 13080.3
A6: 38657 | B6: 0.91666667 | D6: 23 | E6: 186.95833 | F6: 44747 | G6: DOY 186: 07/05 | H6: =og!H6*0.18 -> 20.664 | I6: =og!I6*0.18 -> 173.142 | J6: =og!J6*0.18 -> 21.312 | K6: =og!K6*0.18 -> 144.774 | L6: =og!L6*0.18 -> 20.214 | M6: =og!M6*0.18 -> 153.198 | N6: =og!N6*0.18 -> 21.366 | O6: =og!O6*0.18 -> 149.202 | ... S6: =og!S6*0.18 -> 170.568 | T6: 1 | U6: 0 | V6: 1 | W6: 1 | X6: 3 | Y6: =(I6*T6+K6*U6+M6*V6+O6*W6)/X6 -> 158.514 | Z6: =SQRT((((I6-$Y6)^2)*T6+((K6-$Y6)^2)*U6+((M6-$Y6)^2)*V6+((O6-$Y6)^2)*W6)/(X6-1)) -> 12.824812 | AA6: =Y6/(Y6+AC6) -> 0.88425879 | AC6: =(H6*T6+J6*U6+L6*V6+N6*W6)/X6 -> 20.748 | AD6: =SQRT((((H6-$Z6)^2)*T6+((J6-$Z6)^2)*U6+((L6-$Z6)^2)*V6+((N6-$Z6)^2)*W6)/(X6-1)) -> 9.7212366 | AE6: =AC6/(Y6+AC6) -> 0.11574121 | AF6: =Y6+AC6 -> 179.262 | AG6: =SQRT((((H6+I6-$AF6)^2)*T6+((J6+K6-$AF6)^2)*U6+((L6+M6-$AF6)^2)*V6+((N6+O6-$AF6)^2)*W6)/(X6-1)) -> 12.67549 | AH6: =AG6/AF6 -> 0.070709295 | AJ6: =((H6+I6-$AF$18)^2)*T6+((J6+K6-$AF$18)^2)*U6+((L6+M6-$AF$18)^2)*V6+((N6+O6-$AF$18)^2)*W6 -> 13080.3
A7: 39022 | B7: 0.041666667 | D7: 2 | E7: 187.08333 | F7: 44748 | G7: DOY 187: 07/06 | H7: =og!H7*0.18 -> 22.356 | I7: =og!I7*0.18 -> 55.008 | J7: =og!J7*0.18 -> 21.276 | K7: =og!K7*0.18 -> 85.428 | L7: =og!L7*0.18 -> 17.064 | M7: =og!M7*0.18 -> 100.728 | N7: =og!N7*0.18 -> 19.89 | O7: =og!O7*0.18 -> 60.714 | ... S7: =og!S7*0.18 -> 80.604 | T7: 1 | U7: 1 | V7: 1 | W7: 1 | X7: 4 | Y7: =(I7*T7+K7*U7+M7*V7+O7*W7)/X7 -> 75.4695 | Z7: =SQRT((((I7-$Y7)^2)*T7+((K7-$Y7)^2)*U7+((M7-$Y7)^2)*V7+((O7-$Y7)^2)*W7)/(X7-1)) -> 21.397518 | AA7: =Y7/(Y7+AC7) -> 0.78929782 | AC7: =(H7*T7+J7*U7+L7*V7+N7*W7)/X7 -> 20.1465 | AD7: =SQRT((((H7-$Z7)^2)*T7+((J7-$Z7)^2)*U7+((L7-$Z7)^2)*V7+((N7-$Z7)^2)*W7)/(X7-1)) -> 2.7071166 | AE7: =AC7/(Y7+AC7) -> 0.21070218 | AF7: =Y7+AC7 -> 95.616 | AG7: =SQRT((((H7+I7-$AF7)^2)*T7+((J7+K7-$AF7)^2)*U7+((L7+M7-$AF7)^2)*V7+((N7+O7-$AF7)^2)*W7)/(X7-1)) -> 19.775527 | AH7: =AG7/AF7 -> 0.20682236 | AJ7: =((H7+I7-$AF$18)^2)*T7+((J7+K7-$AF$18)^2)*U7+((L7+M7-$AF$18)^2)*V7+((N7+O7-$AF$18)^2)*W7 -> 2532.0306
A8: 39387 | B8: 0.16666667 | D8: 5 | E8: 187.20833 | F8: 44748 | G8: DOY 187: 07/06 | H8: =og!H8*0.18 -> 22.554 | I8: =og!I8*0.18 -> 24.498 | J8: =og!J8*0.18 -> 25.56 | K8: =og!K8*0.18 -> 32.058 | L8: =og!L8*0.18 -> 26.028 | M8: =og!M8*0.18 -> -0.9 | N8: =og!N8*0.18 -> 22.77 | O8: =og!O8*0.18 -> 21.186 | ... S8: =og!S8*0.18 -> 43.956 | T8: 1 | U8: 1 | V8: 0 | W8: 1 | X8: 3 | Y8: =(I8*T8+K8*U8+M8*V8+O8*W8)/X8 -> 25.914 | Z8: =SQRT((((I8-$Y8)^2)*T8+((K8-$Y8)^2)*U8+((M8-$Y8)^2)*V8+((O8-$Y8)^2)*W8)/(X8-1)) -> 5.5726015 | AA8: =Y8/(Y8+AC8) -> 0.52307133 | AC8: =(H8*T8+J8*U8+L8*V8+N8*W8)/X8 -> 23.628 | AD8: =SQRT((((H8-$Z8)^2)*T8+((J8-$Z8)^2)*U8+((L8-$Z8)^2)*V8+((N8-$Z8)^2)*W8)/(X8-1)) -> 22.176728 | AE8: =AC8/(Y8+AC8) -> 0.47692867 | AF8: =Y8+AC8 -> 49.542 | AG8: =SQRT((((H8+I8-$AF8)^2)*T8+((J8+K8-$AF8)^2)*U8+((L8+M8-$AF8)^2)*V8+((N8+O8-$AF8)^2)*W8)/(X8-1)) -> 7.1632839 | AH8: =AG8/AF8 -> 0.14459012 | AJ8: =((H8+I8-$AF$18)^2)*T8+((J8+K8-$AF$18)^2)*U8+((L8+M8-$AF$18)^2)*V8+((N8+O8-$AF$18)^2)*W8 -> 12585.335
A9: 39753 | B9: 0.29166667 | D9: 8 | E9: 187.33333 | F9: 44748 | G9: DOY 187: 07/06 | H9: =og!H9*0.18 -> 19.422 | I9: =og!I9*0.18 -> 6.192 | J9: =og!J9*0.18 -> 21.564 | K9: =og!K9*0.18 -> 4.068 | L9: =og!L9*0.18 -> 20.7 | M9: =og!M9*0.18 -> 7.992 | N9: =og!N9*0.18 -> 24.48 | O9: =og!O9*0.18 -> -1.152 | ... S9: =og!S9*0.18 -> 23.328 | T9: 1 | U9: 1 | V9: 1 | W9: 0 | X9: 3 | Y9: =(I9*T9+K9*U9+M9*V9+O9*W9)/X9 -> 6.084 | Z9: =SQRT((((I9-$Y9)^2)*T9+((K9-$Y9)^2)*U9+((M9-$Y9)^2)*V9+((O9-$Y9)^2)*W9)/(X9-1)) -> 1.9642281 | AA9: =Y9/(Y9+AC9) -> 0.22832695 | AC9: =(H9*T9+J9*U9+L9*V9+N9*W9)/X9 -> 20.562 | AD9: =SQRT((((H9-$Z9)^2)*T9+((J9-$Z9)^2)*U9+((L9-$Z9)^2)*V9+((N9-$Z9)^2)*W9)/(X9-1)) -> 22.803004 | AE9: =AC9/(Y9+AC9) -> 0.77167305 | AF9: =Y9+AC9 -> 26.646 | AG9: =SQRT((((H9+I9-$AF9)^2)*T9+((J9+K9-$AF9)^2)*U9+((L9+M9-$AF9)^2)*V9+((N9+O9-$AF9)^2)*W9)/(X9-1)) -> 1.7719108 | AH9: =AG9/AF9 -> 0.066498192 | AJ9: =((H9+I9-$AF$18)^2)*T9+((J9+K9-$AF$18)^2)*U9+((L9+M9-$AF$18)^2)*V9+((N9+O9-$AF$18)^2)*W9 -> 22923.117
A10: 37197 | B10: 0.29166667 | C10: 209 | D10: 8 | E10: 209.33333 | F10: 44770 | G10: DOY 209: 07/28 | H10: =og!H10*0.18 -> 30.978 | I10: =og!I10*0.18 -> 25.884 | J10: =og!J10*0.18 -> 30.276 | K10: =og!K10*0.18 -> 2.214 | L10: =og!L10*0.18 -> 28.764 | M10: =og!M10*0.18 -> 324.162 | N10: =og!N10*0.18 -> 38.214 | O10: =og!O10*0.18 -> 18.756 | ... S10: =og!S10*0.18 -> 56.97 | T10: 1 | U10: 0 | V10: 0 | W10: 1 | X10: 2 | Y10: =(I10*T10+K10*U10+M10*V10+O10*W10)/X10 -> 22.32 | Z10: =SQRT((((I10-$Y10)^2)*T10+((K10-$Y10)^2)*U10+((M10-$Y10)^2)*V10+((O10-$Y10)^2)*W10)/(X10-1)) -> 5.0402571 | AA10: =Y10/(Y10+AC10) -> 0.39215686 | AB10: =AVERAGE(AA10:AA11) -> 0.55819895 | AC10: =(H10*T10+J10*U10+L10*V10+N10*W10)/X10 -> 34.596 | AD10: =SQRT((((H10-$Z10)^2)*T10+((J10-$Z10)^2)*U10+((L10-$Z10)^2)*V10+((N10-$Z10)^2)*W10)/(X10-1)) -> 42.110138 | AE10: =AC10/(Y10+AC10) -> 0.60784314 | AF10: =Y10+AC10 -> 56.916 | AG10: =SQRT((((H10+I10-$AF10)^2)*T10+((J10+K10-$AF10)^2)*U10+((L10+M10-$AF10)^2)*V10+((N10+O10-$AF10)^2)*W10)/(X10-1)) -> 0.076367532 | AH10: =AG10/AF10 -> 0.0013417586 | AJ10: =((H10+I10-$AF$18)^2)*T10+((J10+K10-$AF$18)^2)*U10+((L10+M10-$AF$18)^2)*V10+((N10+O10-$AF$18)^2)*W10 -> 6527.9224
A11: 37562 | B11: 0.54166667 | D11: 13 | E11: 209.54167 | F11: 44770 | G11: DOY 209: 07/28 | H11: =og!H11*0.18 -> 33.876 | I11: =og!I11*0.18 -> 39.294 | J11: =og!J11*0.18 -> 44.424 | K11: =og!K11*0.18 -> 129.528 | L11: =og!L11*0.18 -> 36.09 | M11: =og!M11*0.18 -> 161.046 | N11: =og!N11*0.18 -> 48.294 | O11: =og!O11*0.18 -> 97.398 | ... S11: =og!S11*0.18 -> 145.674 | T11: 1 | U11: 1 | V11: 1 | W11: 1 | X11: 4 | Y11: =(I11*T11+K11*U11+M11*V11+O11*W11)/X11 -> 106.8165 | Z11: =SQRT((((I11-$Y11)^2)*T11+((K11-$Y11)^2)*U11+((M11-$Y11)^2)*V11+((O11-$Y11)^2)*W11)/(X11-1)) -> 51.976428 | AA11: =Y11/(Y11+AC11) -> 0.72424104 | AC11: =(H11*T11+J11*U11+L11*V11+N11*W11)/X11 -> 40.671 | AD11: =SQRT((((H11-$Z11)^2)*T11+((J11-$Z11)^2)*U11+((L11-$Z11)^2)*V11+((N11-$Z11)^2)*W11)/(X11-1)) -> 14.726433 | AE11: =AC11/(Y11+AC11) -> 0.27575896 | AF11: =Y11+AC11 -> 147.4875 | AG11: =SQRT((((H11+I11-$AF11)^2)*T11+((J11+K11-$AF11)^2)*U11+((L11+M11-$AF11)^2)*V11+((N11+O11-$AF11)^2)*W11)/(X11-1)) -> 53.825824 | AH11: =AG11/AF11 -> 0.36495177 | AJ11: =((H11+I11-$AF$18)^2)*T11+((J11+K11-$AF$18)^2)*U11+((L11+M11-$AF$18)^2)*V11+((N11+O11-$AF$18)^2)*W11 -> 13164.709
A12: 37198 | B12: 0.29166667 | C12: 236 | D12: 8 | E12: 236.33333 | F12: 44797 | G12: DOY 236: 08/24 | H12: =og!H12*0.18 -> 15.804 | I12: =og!I12*0.18 -> 185.85 | J12: =og!J12*0.18 -> 15.012 | K12: =og!K12*0.18 -> -0.702 | L12: =og!L12*0.18 -> 14.238 | M12: =og!M12*0.18 -> 113.202 | N12: =og!N12*0.18 -> 15.606 | O12: =og!O12*0.18 -> 88.83 | ... S12: =og!S12*0.18 -> 104.436 | T12: 1 | U12: 0 | V12: 1 | W12: 1 | X12: 3 | Y12: =(I12*T12+K12*U12+M12*V12+O12*W12)/X12 -> 129.294 | Z12: =SQRT((((I12-$Y12)^2)*T12+((K12-$Y12)^2)*U12+((M12-$Y12)^2)*V12+((O12-$Y12)^2)*W12)/(X12-1)) -> 50.472116 | AA12: =Y12/(Y12+AC12) -> 0.89470625 | AB12: =AVERAGE(AA12:AA14) -> 0.9208831 | AC12: =(H12*T12+J12*U12+L12*V12+N12*W12)/X12 -> 15.216 | AD12: =SQRT((((H12-$Z12)^2)*T12+((J12-$Z12)^2)*U12+((L12-$Z12)^2)*V12+((N12-$Z12)^2)*W12)/(X12-1)) -> 43.188166 | AE12: =AC12/(Y12+AC12) -> 0.10529375 | AF12: =Y12+AC12 -> 144.51 | AG12: =SQRT((((H12+I12-$AF12)^2)*T12+((J12+K12-$AF12)^2)*U12+((L12+M12-$AF12)^2)*V12+((N12+O12-$AF12)^2)*W12)/(X12-1)) -> 50.80722 | AH12: =AG12/AF12 -> 0.35158272 | AJ12: =((H12+I12-$AF$18)^2)*T12+((J12+K12-$AF$18)^2)*U12+((L12+M12-$AF$18)^2)*V12+((N12+O12-$AF$18)^2)*W12 -> 7946.7188
A13: 37563 | B13: 0.54166667 | D13: 13 | E13: 236.54167 | F13: 44797 | G13: DOY 236: 08/24 | H13: =og!H13*0.18 -> 15.696 | I13: =og!I13*0.18 -> 212.184 | J13: =og!J13*0.18 -> 12.474 | K13: =og!K13*0.18 -> 195.39 | L13: =og!L13*0.18 -> 19.8 | M13: =og!M13*0.18 -> 171.612 | N13: =og!N13*0.18 -> 13.752 | O13: =og!O13*0.18 -> 201.276 | ... S13: =og!S13*0.18 -> 215.028 | T13: 1 | U13: 1 | V13: 1 | W13: 1 | X13: 4 | Y13: =(I13*T13+K13*U13+M13*V13+O13*W13)/X13 -> 195.1155 | Z13: =SQRT((((I13-$Y13)^2)*T13+((K13-$Y13)^2)*U13+((M13-$Y13)^2)*V13+((O13-$Y13)^2)*W13)/(X13-1)) -> 17.144244 | AA13: =Y13/(Y13+AC13) -> 0.92671198 | AC13: =(H13*T13+J13*U13+L13*V13+N13*W13)/X13 -> 15.4305 | AD13: =SQRT((((H13-$Z13)^2)*T13+((J13-$Z13)^2)*U13+((L13-$Z13)^2)*V13+((N13-$Z13)^2)*W13)/(X13-1)) -> 3.7624881 | AE13: =AC13/(Y13+AC13) -> 0.073288023 | AF13: =Y13+AC13 -> 210.546 | AG13: =SQRT((((H13+I13-$AF13)^2)*T13+((J13+K13-$AF13)^2)*U13+((L13+M13-$AF13)^2)*V13+((N13+O13-$AF13)^2)*W13)/(X13-1)) -> 15.2081 | AH13: =AG13/AF13 -> 0.072231724 | AJ13: =((H13+I13-$AF$18)^2)*T13+((J13+K13-$AF$18)^2)*U13+((L13+M13-$AF$18)^2)*V13+((N13+O13-$AF$18)^2)*W13 -> 37942.039
A14: 37928 | B14: 0.79166667 | D14: 20 | E14: 236.83333 | F14: 44797 | G14: DOY 236: 08/24 | H14: =og!H14*0.18 -> 15.03 | I14: =og!I14*0.18 -> 292.104 | J14: =og!J14*0.18 -> 15.624 | K14: =og!K14*0.18 -> 211.41 | L14: =og!L14*0.18 -> 12.33 | M14: =og!M14*0.18 -> 215.442 | N14: =og!N14*0.18 -> 14.004 | O14: =og!O14*0.18 -> 193.752 | ... S14: =og!S14*0.18 -> 207.756 | T14: 1 | U14: 1 | V14: 1 | W14: 1 | X14: 4 | Y14: =(I14*T14+K14*U14+M14*V14+O14*W14)/X14 -> 228.177 | Z14: =SQRT((((I14-$Y14)^2)*T14+((K14-$Y14)^2)*U14+((M14-$Y14)^2)*V14+((O14-$Y14)^2)*W14)/(X14-1)) -> 43.646514 | AA14: =Y14/(Y14+AC14) -> 0.94123107 | AC14: =(H14*T14+J14*U14+L14*V14+N14*W14)/X14 -> 14.247 | AD14: =SQRT((((H14-$Z14)^2)*T14+((J14-$Z14)^2)*U14+((L14-$Z14)^2)*V14+((N14-$Z14)^2)*W14)/(X14-1)) -> 33.978271 | AE14: =AC14/(Y14+AC14) -> 0.058768934 | AF14: =Y14+AC14 -> 242.424 | AG14: =SQRT((((H14+I14-$AF14)^2)*T14+((J14+K14-$AF14)^2)*U14+((L14+M14-$AF14)^2)*V14+((N14+O14-$AF14)^2)*W14)/(X14-1)) -> 44.12402 | AH14: =AG14/AF14 -> 0.18201177 | AJ14: =((H14+I14-$AF$18)^2)*T14+((J14+K14-$AF$18)^2)*U14+((L14+M14-$AF$18)^2)*V14+((N14+O14-$AF$18)^2)*W14 -> 71763.34
A15: 37199 | B15: 0.29166667 | C15: 258 | D15: 8 | E15: 258.33333 | F15: 44819 | G15: DOY 258: 09/15 | H15: =og!H15*0.18 -> 12.33 | I15: =og!I15*0.18 -> 42.066 | J15: =og!J15*0.18 -> 10.602 | K15: =og!K15*0.18 -> 39.204 | L15: =og!L15*0.18 -> 11.808 | M15: =og!M15*0.18 -> 21.87 | N15: =og!N15*0.18 -> 12.978 | O15: =og!O15*0.18 -> 106.326 | ... S15: =og!S15*0.18 -> 119.304 | T15: 1 | U15: 1 | V15: 1 | W15: 0 | X15: 3 | Y15: =(I15*T15+K15*U15+M15*V15+O15*W15)/X15 -> 34.38 | Z15: =SQRT((((I15-$Y15)^2)*T15+((K15-$Y15)^2)*U15+((M15-$Y15)^2)*V15+((O15-$Y15)^2)*W15)/(X15-1)) -> 10.928076 | AA15: =Y15/(Y15+AC15) -> 0.74804178 | AB15: =AVERAGE(AA15:AA17) -> 0.63982733 | AC15: =(H15*T15+J15*U15+L15*V15+N15*W15)/X15 -> 11.58 | AD15: =SQRT((((H15-$Z15)^2)*T15+((J15-$Z15)^2)*U15+((L15-$Z15)^2)*V15+((N15-$Z15)^2)*W15)/(X15-1)) -> 1.1928924 | AE15: =AC15/(Y15+AC15) -> 0.25195822 | AF15: =Y15+AC15 -> 45.96 | AG15: =SQRT((((H15+I15-$AF15)^2)*T15+((J15+K15-$AF15)^2)*U15+((L15+M15-$AF15)^2)*V15+((N15+O15-$AF15)^2)*W15)/(X15-1)) -> 10.881299 | AH15: =AG15/AF15 -> 0.23675585 | AJ15: =((H15+I15-$AF$18)^2)*T15+((J15+K15-$AF$18)^2)*U15+((L15+M15-$AF$18)^2)*V15+((N15+O15-$AF$18)^2)*W15 -> 14144.35
A16: 37564 | B16: 0.54166667 | D16: 13 | E16: 258.54167 | F16: 44819 | G16: DOY 258: 09/15 | H16: =og!H16*0.18 -> 9.306 | I16: =og!I16*0.18 -> -0.648 | J16: =og!J16*0.18 -> 11.466 | K16: =og!K16*0.18 -> 37.53 | L16: =og!L16*0.18 -> 14.49 | M16: =og!M16*0.18 -> 11.412 | N16: =og!N16*0.18 -> 13.356 | O16: =og!O16*0.18 -> 17.064 | ... S16: =og!S16*0.18 -> 30.42 | T16: 0 | U16: 1 | V16: 1 | W16: 1 | X16: 3 | Y16: =(I16*T16+K16*U16+M16*V16+O16*W16)/X16 -> 22.002 | Z16: =SQRT((((I16-$Y16)^2)*T16+((K16-$Y16)^2)*U16+((M16-$Y16)^2)*V16+((O16-$Y16)^2)*W16)/(X16-1)) -> 13.741374 | AA16: =Y16/(Y16+AC16) -> 0.62673047 | AC16: =(H16*T16+J16*U16+L16*V16+N16*W16)/X16 -> 13.104 | AD16: =SQRT((((H16-$Z16)^2)*T16+((J16-$Z16)^2)*U16+((L16-$Z16)^2)*V16+((N16-$Z16)^2)*W16)/(X16-1)) -> 1.7155584 | AE16: =AC16/(Y16+AC16) -> 0.37326953 | AF16: =Y16+AC16 -> 35.106 | AG16: =SQRT((((H16+I16-$AF16)^2)*T16+((J16+K16-$AF16)^2)*U16+((L16+M16-$AF16)^2)*V16+((N16+O16-$AF16)^2)*W16)/(X16-1)) -> 12.239369 | AH16: =AG16/AF16 -> 0.34864038 | AJ16: =((H16+I16-$AF$18)^2)*T16+((J16+K16-$AF$18)^2)*U16+((L16+M16-$AF$18)^2)*V16+((N16+O16-$AF$18)^2)*W16 -> 18994.678
A17: 37929 | B17: 0.79166667 | D17: 20 | E17: 258.83333 | F17: 44819 | G17: DOY 258: 09/15 | H17: =og!H17*0.18 -> 10.386 | I17: =og!I17*0.18 -> 24.408 | J17: =og!J17*0.18 -> 11.916 | K17: =og!K17*0.18 -> 84.924 | L17: =og!L17*0.18 -> 12.672 | M17: =og!M17*0.18 -> 17.568 | N17: =og!N17*0.18 -> 11.952 | O17: =og!O17*0.18 -> -0.09 | ... S17: =og!S17*0.18 -> 11.862 | T17: 1 | U17: 0 | V17: 1 | W17: 1 | X17: 3 | Y17: =(I17*T17+K17*U17+M17*V17+O17*W17)/X17 -> 13.962 | Z17: =SQRT((((I17-$Y17)^2)*T17+((K17-$Y17)^2)*U17+((M17-$Y17)^2)*V17+((O17-$Y17)^2)*W17)/(X17-1)) -> 12.640824 | AA17: =Y17/(Y17+AC17) -> 0.54470974 | AC17: =(H17*T17+J17*U17+L17*V17+N17*W17)/X17 -> 11.67 | AD17: =SQRT((((H17-$Z17)^2)*T17+((J17-$Z17)^2)*U17+((L17-$Z17)^2)*V17+((N17-$Z17)^2)*W17)/(X17-1)) -> 1.6672854 | AE17: =AC17/(Y17+AC17) -> 0.45529026 | AF17: =Y17+AC17 -> 25.632 | AG17: =SQRT((((H17+I17-$AF17)^2)*T17+((J17+K17-$AF17)^2)*U17+((L17+M17-$AF17)^2)*V17+((N17+O17-$AF17)^2)*W17)/(X17-1)) -> 12.14061 | AH17: =AG17/AF17 -> 0.4736505 | AJ17: =((H17+I17-$AF$18)^2)*T17+((J17+K17-$AF$18)^2)*U17+((L17+M17-$AF$18)^2)*V17+((N17+O17-$AF$18)^2)*W17 -> 23746.459
AF18: =AVERAGE(AF2:AF17) -> 114.04706 | AJ18: =SQRT(SUM(AJ2:AJ17)/(SUM(X2:X17)-1)) -> 74.887525
