Workbook

Sheet Stem_all
A1: Sample ID | B1: Hour | C1: DOY | D1: hour | E1: time | F1: Date | G1: DOY_date | H1: GFS_1 | I1: Starch_1 | J1: GFS_2 | K1: Starch_2 | L1: GFS_3 | M1: Starch_3 | N1: GFS_4 | O1: Starch_4 | P1: Carb_tot_1 | Q1: Carb_tot_2 | R1: Carb_tot_3 | S1: Carb_tot_4 | T1: Valid_1 | U1: Valid_2 | V1: Valid_3 | W1: Valid_4 | X1: Total valid | Y1: Carb_total_mean | Z1: Carb_total_std | AA1: Carb_CV
A2: 37196 | B2: 0.41666667 | C2: 186 | D2: 11 | E2: 186.45833 | F2: 44747 | G2: DOY 186: 07/05 | H2: 357.7 | I2: 56.9 | J2: 465.2 | K2: 563.5 | L2: 976.9 | M2: 178.9 | N2: 326.1 | O2: 32.3 | P2: 414.7 | Q2: 1028.8 | R2: 1155.8 | S2: 358.4 | T2: 1 | U2: 1 | V2: 0 | W2: 1 | X2: 3 | Y2: 600.6 | Z2: 303.6 | AA2: 0.51
A3: 37561 | B3: 0.54166667 | C3: 186 | D3: 14 | E3: 186.58333 | F3: 44747 | G3: DOY 186: 07/05 | H3: 452 | I3: 185.3 | J3: 170.2 | K3: 225.4 | L3: 285.2 | M3: 108 | N3: 235.5 | O3: 77.2 | P3: 637.3 | Q3: 395.6 | R3: 393.2 | S3: 312.7 | T3: 1 | U3: 0 | V3: 0 | W3: 1 | X3: 2 | Y3: 475 | Z3: 162.3 | AA3: 0.34
A4: 37926 | B4: 0.66666667 | C4: 186 | D4: 17 | E4: 186.70833 | F4: 44747 | G4: DOY 186: 07/05 | H4: 318.4 | I4: 40.4 | J4: 340.3 | K4: 181.5 | L4: 149.7 | M4: 479.1 | N4: 162.2 | O4: 177.5 | P4: 358.8 | Q4: 521.8 | R4: 628.8 | S4: 339.7 | T4: 1 | U4: 1 | V4: 0 | W4: 1 | X4: 3 | Y4: 406.8 | Z4: 81.7 | AA4: 0.2
A5: 38292 | B5: 0.79166667 | C5: 186 | D5: 20 | E5: 186.83333 | F5: 44747 | G5: DOY 186: 07/05 | H5: 230.6 | I5: 213.3 | J5: 233.2 | K5: 130.1 | L5: 478.2 | M5: 411.4 | N5: 189 | O5: 46.8 | P5: 443.9 | Q5: 363.3 | R5: 889.6 | S5: 235.8 | T5: 1 | U5: 1 | V5: 0 | W5: 1 | X5: 3 | Y5: 347.7 | Z5: 85.7 | AA5: 0.25
A6: 38657 | B6: 0.91666667 | C6: 186 | D6: 23 | E6: 186.95833 | F6: 44747 | G6: DOY 186: 07/05 | H6: 286.2 | I6: 267.4 | J6: 238 | K6: 245.6 | L6: 74.4 | M6: 381.8 | N6: 93.8 | O6: 419.7 | P6: 553.6 | Q6: 483.5 | R6: 456.2 | S6: 513.5 | T6: 1 | U6: 1 | V6: 1 | W6: 1 | X6: 4 | Y6: 501.7 | Z6: 36.2 | AA6: 0.07
A7: 39022 | B7: 0.041666667 | C7: 187 | D7: 2 | E7: 187.08333 | F7: 44748 | G7: DOY 187: 07/06 | H7: 202.3 | I7: 131.2 | J7: 318 | K7: 181.1 | L7: 140.6 | M7: 707.1 | N7: 307.8 | O7: 559.8 | P7: 333.6 | Q7: 499.1 | R7: 847.7 | S7: 867.6 | T7: 1 | U7: 1 | V7: 0 | W7: 1 | X7: 3 | Y7: 566.7 | Z7: 223.2 | AA7: 0.39
A8: 39387 | B8: 0.16666667 | C8: 187 | D8: 5 | E8: 187.20833 | F8: 44748 | G8: DOY 187: 07/06 | H8: 267.7 | I8: 21.2 | J8: 493.7 | K8: 135.1 | L8: 183 | M8: 257 | N8: 133.1 | O8: 9.8 | P8: 288.9 | Q8: 628.8 | R8: 440 | S8: 142.9 | T8: 1 | U8: 1 | V8: 0 | W8: 1 | X8: 3 | Y8: 353.5 | Z8: 203.6 | AA8: 0.58
A9: 39753 | B9: 0.29166667 | C9: 187 | D9: 8 | E9: 187.33333 | F9: 44748 | G9: DOY 187: 07/06 | H9: 88.6 | I9: 10.3 | J9: 203.1 | K9: 85.7 | L9: 66.6 | M9: 69 | N9: 111.2 | O9: 43.9 | P9: 98.8 | Q9: 288.8 | R9: 135.6 | S9: 155.1 | T9: 1 | U9: 1 | V9: 1 | W9: 1 | X9: 4 | Y9: 169.6 | Z9: 71.7 | AA9: 0.42
A10: 37197 | B10: 0.29166667 | C10: 209 | D10: 8 | E10: 209.33333 | F10: 44770 | G10: DOY 209: 07/28 | H10: 563.5 | I10: 28.6 | J10: 884.1 | K10: 97.6 | L10: 1299.8 | M10: 71.6 | N10: 348.7 | O10: 2.2 | P10: 592.2 | Q10: 981.7 | R10: 1371.4 | S10: 350.9 | T10: 1 | U10: 1 | V10: 1 | W10: 1 | X10: 4 | Y10: 824 | Z10: 387.9 | AA10: 0.47
A11: 37562 | B11: 0.54166667 | C11: 209 | D11: 13 | E11: 209.54167 | F11: 44770 | G11: DOY 209: 07/28 | H11: 843.6 | I11: 116.8 | J11: 829.2 | K11: 47.7 | L11: 557.5 | M11: 85.6 | N11: 382.2 | O11: 59.3 | P11: 960.4 | Q11: 876.9 | R11: 643.1 | S11: 441.5 | T11: 1 | U11: 1 | V11: 1 | W11: 1 | X11: 4 | Y11: 730.5 | Z11: 203.4 | AA11: 0.28
A12: 37198 | B12: 0.29166667 | C12: 236 | D12: 8 | E12: 236.33333 | F12: 44797 | G12: DOY 236: 08/24 | H12: 284.9 | I12: 104.3 | J12: 231.2 | K12: 84 | L12: 400.8 | M12: 146 | N12: 158.2 | O12: 132.5 | P12: 389.2 | Q12: 315.2 | R12: 546.9 | S12: 290.7 | T12: 1 | U12: 1 | V12: 0 | W12: 1 | X12: 3 | Y12: 331.7 | Z12: 41.9 | AA12: 0.13
A13: 37563 | B13: 0.54166667 | C13: 236 | D13: 13 | E13: 236.54167 | F13: 44797 | G13: DOY 236: 08/24 | H13: 304.8 | I13: 62.5 | J13: 278.6 | K13: 113.2 | L13: 283.1 | M13: 234.4 | N13: 181.9 | O13: 186.3 | P13: 367.4 | Q13: 391.9 | R13: 517.4 | S13: 368.2 | T13: 1 | U13: 1 | V13: 0 | W13: 1 | X13: 3 | Y13: 375.8 | Z13: 11.4 | AA13: 0.03
... A18: 37200 | B18: 0.5 | C18: 278 | D18: 12 | E18: 278.5 | F18: 44839 | G18: DOY 278: 10/05 | H18: 16.4 | I18: -4.8 | J18: 61 | K18: 36.9 | L18: 59.1 | M18: 154.9 | N18: 14.6 | O18: 0 | P18: 11.5 | Q18: 97.9 | R18: 214 | S18: 14.6 | T18: 0 | U18: 0 | V18: 0 | W18: 1 | X18: 1 | Y18: 14.6 | Z18: 0 | AA18: 0

Sheet C
A1: Sample ID | B1: Hour | C1: DOY | D1: hour | E1: time | F1: Date | G1: DOY_date | H1: GFS_1 | I1: Starch_1 | J1: GFS_2 | K1: Starch_2 | L1: GFS_3 | M1: Starch_3 | N1: GFS_4 | O1: Starch_4 | P1: Carb_tot_1 | Q1: Carb_tot_2 | R1: Carb_tot_3 | S1: Carb_tot_4 | T1: Valid_1 | U1: Valid_2 | V1: Valid_3 | W1: Valid_4 | X1: Total valid | Y1: Starch_mean | Z1: Starch_std | AA1: GFS_mean | AB1: GFS_std | AC1: GFS% | AD1: Carb_total_mean | AE1: Carb_total_std | AF1: Carb_CV | AH1: Total_std
A2: 37196 | B2: 0.41666667 | C2: 186 | D2: 11 | E2: 186.45833 | F2: 44747 | G2: DOY 186: 07/05 | H2: =Stem_all!H2*6/1000 -> 2.1462 | I2: =Stem_all!I2*6/1000 -> 0.3414 | J2: =Stem_all!J2*6/1000 -> 2.7912 | K2: =Stem_all!K2*6/1000 -> 3.381 | L2: =Stem_all!L2*6/1000 -> 5.8614 | M2: =Stem_all!M2*6/1000 -> 1.0734 | N2: =Stem_all!N2*6/1000 -> 1.9566 | O2: =Stem_all!O2*6/1000 -> 0.1938 | ... S2: =Stem_all!S2*6/1000 -> 2.1504 | T2: 1 | U2: 1 | V2: 0 | W2: 1 | X2: 3 | Y2: =(I2*T2+K2*U2+M2*V2+O2*W2)/X2 -> 1.3054 | Z2: =SQRT((((I2-$Y2)^2)*T2+((K2-$Y2)^2)*U2+((M2-$Y2)^2)*V2+((O2-$Y2)^2)*W2)/(X2-1)) -> 1.7990367 | AA2: =(H2*T2+J2*U2+L2*V2+N2*W2)/X2 -> 2.298 | AB2: =SQRT((((H2-$Z2)^2)*T2+((J2-$Z2)^2)*U2+((L2-$Z2)^2)*V2+((N2-$Z2)^2)*W2)/(X2-1)) -> 0.75157722 | AC2: =AA2/(Y2+AA2) -> 0.63773103 | AD2: =Y2+AA2 -> 3.6034 | AE2: =SQRT((((H2+I2-$AD2)^2)*T2+((J2+K2-$AD2)^2)*U2+((L2+M2-$AD2)^2)*V2+((N2+O2-$AD2)^2)*W2)/(X2-1)) -> 2.2310258 | AF2: =AE2/AD2 -> 0.61914464 | AH2: =((H2+I2-$AD$19)^2)*T2+((J2+K2-$AD$19)^2)*U2+((L2+M2-$AD$19)^2)*V2+((N2+O2-$AD$19)^2)*W2 -> 13.03063
A3: 37561 | B3: 0.54166667 | C3: 186 | D3: 14 | E3: 186.58333 | F3: 44747 | G3: DOY 186: 07/05 | H3: =Stem_all!H3*6/1000 -> 2.712 | I3: =Stem_all!I3*6/1000 -> 1.1118 | J3: =Stem_all!J3*6/1000 -> 1.0212 | K3: =Stem_all!K3*6/1000 -> 1.3524 | L3: =Stem_all!L3*6/1000 -> 1.7112 | M3: =Stem_all!M3*6/1000 -> 0.648 | N3: =Stem_all!N3*6/1000 -> 1.413 | O3: =Stem_all!O3*6/1000 -> 0.4632 | ... S3: =Stem_all!S3*6/1000 -> 1.8762 | T3: 1 | U3: 0 | V3: 0 | W3: 1 | X3: 2 | Y3: =(I3*T3+K3*U3+M3*V3+O3*W3)/X3 -> 0.7875 | Z3: =SQRT((((I3-$Y3)^2)*T3+((K3-$Y3)^2)*U3+((M3-$Y3)^2)*V3+((O3-$Y3)^2)*W3)/(X3-1)) -> 0.45862946 | AA3: =(H3*T3+J3*U3+L3*V3+N3*W3)/X3 -> 2.0625 | AB3: =SQRT((((H3-$Z3)^2)*T3+((J3-$Z3)^2)*U3+((L3-$Z3)^2)*V3+((N3-$Z3)^2)*W3)/(X3-1)) -> 2.4471416 | AC3: =AA3/(Y3+AA3) -> 0.72368421 | AD3: =Y3+AA3 -> 2.85 | AE3: =SQRT((((H3+I3-$AD3)^2)*T3+((J3+K3-$AD3)^2)*U3+((L3+M3-$AD3)^2)*V3+((N3+O3-$AD3)^2)*W3)/(X3-1)) -> 1.3771612 | AF3: =AE3/AD3 -> 0.48321444 | AH3: =((H3+I3-$AD$19)^2)*T3+((J3+K3-$AD$19)^2)*U3+((L3+M3-$AD$19)^2)*V3+((N3+O3-$AD$19)^2)*W3 -> 2.0308741
A4: 37926 | B4: 0.66666667 | C4: 186 | D4: 17 | E4: 186.70833 | F4: 44747 | G4: DOY 186: 07/05 | H4: =Stem_all!H4*6/1000 -> 1.9104 | I4: =Stem_all!I4*6/1000 -> 0.2424 | J4: =Stem_all!J4*6/1000 -> 2.0418 | K4: =Stem_all!K4*6/1000 -> 1.089 | L4: =Stem_all!L4*6/1000 -> 0.8982 | M4: =Stem_all!M4*6/1000 -> 2.8746 | N4: =Stem_all!N4*6/1000 -> 0.9732 | O4: =Stem_all!O4*6/1000 -> 1.065 | ... S4: =Stem_all!S4*6/1000 -> 2.0382 | T4: 1 | U4: 1 | V4: 0 | W4: 1 | X4: 3 | Y4: =(I4*T4+K4*U4+M4*V4+O4*W4)/X4 -> 0.7988 | Z4: =SQRT((((I4-$Y4)^2)*T4+((K4-$Y4)^2)*U4+((M4-$Y4)^2)*V4+((O4-$Y4)^2)*W4)/(X4-1)) -> 0.48200593 | AA4: =(H4*T4+J4*U4+L4*V4+N4*W4)/X4 -> 1.6418 | AB4: =SQRT((((H4-$Z4)^2)*T4+((J4-$Z4)^2)*U4+((L4-$Z4)^2)*V4+((N4-$Z4)^2)*W4)/(X4-1)) -> 1.5353401 | AC4: =AA4/(Y4+AA4) -> 0.67270343 | AD4: =Y4+AA4 -> 2.4406 | AE4: =SQRT((((H4+I4-$AD4)^2)*T4+((J4+K4-$AD4)^2)*U4+((L4+M4-$AD4)^2)*V4+((N4+O4-$AD4)^2)*W4)/(X4-1)) -> 0.60047092 | AF4: =AE4/AD4 -> 0.24603414 | AH4: =((H4+I4-$AD$19)^2)*T4+((J4+K4-$AD$19)^2)*U4+((L4+M4-$AD$19)^2)*V4+((N4+O4-$AD$19)^2)*W4 -> 0.78886991
A5: 38292 | B5: 0.79166667 | C5: 186 | D5: 20 | E5: 186.83333 | F5: 44747 | G5: DOY 186: 07/05 | H5: =Stem_all!H5*6/1000 -> 1.3836 | I5: =Stem_all!I5*6/1000 -> 1.2798 | J5: =Stem_all!J5*6/1000 -> 1.3992 | K5: =Stem_all!K5*6/1000 -> 0.7806 | L5: =Stem_all!L5*6/1000 -> 2.8692 | M5: =Stem_all!M5*6/1000 -> 2.4684 | N5: =Stem_all!N5*6/1000 -> 1.134 | O5: =Stem_all!O5*6/1000 -> 0.2808 | ... S5: =Stem_all!S5*6/1000 -> 1.4148 | T5: 1 | U5: 1 | V5: 0 | W5: 1 | X5: 3 | Y5: =(I5*T5+K5*U5+M5*V5+O5*W5)/X5 -> 0.7804 | Z5: =SQRT((((I5-$Y5)^2)*T5+((K5-$Y5)^2)*U5+((M5-$Y5)^2)*V5+((O5-$Y5)^2)*W5)/(X5-1)) -> 0.49950003 | AA5: =(H5*T5+J5*U5+L5*V5+N5*W5)/X5 -> 1.3056 | AB5: =SQRT((((H5-$Z5)^2)*T5+((J5-$Z5)^2)*U5+((L5-$Z5)^2)*V5+((N5-$Z5)^2)*W5)/(X5-1)) -> 0.9984195 | AC5: =AA5/(Y5+AA5) -> 0.62588686 | AD5: =Y5+AA5 -> 2.086 | AE5: =SQRT((((H5+I5-$AD5)^2)*T5+((J5+K5-$AD5)^2)*U5+((L5+M5-$AD5)^2)*V5+((N5+O5-$AD5)^2)*W5)/(X5-1)) -> 0.6295628 | AF5: =AE5/AD5 -> 0.30180384 | AH5: =((H5+I5-$AD$19)^2)*T5+((J5+K5-$AD$19)^2)*U5+((L5+M5-$AD$19)^2)*V5+((N5+O5-$AD$19)^2)*W5 -> 1.5573665
A6: 38657 | B6: 0.91666667 | C6: 186 | D6: 23 | E6: 186.95833 | F6: 44747 | G6: DOY 186: 07/05 | H6: =Stem_all!H6*6/1000 -> 1.7172 | I6: =Stem_all!I6*6/1000 -> 1.6044 | J6: =Stem_all!J6*6/1000 -> 1.428 | K6: =Stem_all!K6*6/1000 -> 1.4736 | L6: =Stem_all!L6*6/1000 -> 0.4464 | M6: =Stem_all!M6*6/1000 -> 2.2908 | N6: =Stem_all!N6*6/1000 -> 0.5628 | O6: =Stem_all!O6*6/1000 -> 2.5182 | ... S6: =Stem_all!S6*6/1000 -> 3.081 | T6: 1 | U6: 1 | V6: 1 | W6: 1 | X6: 4 | Y6: =(I6*T6+K6*U6+M6*V6+O6*W6)/X6 -> 1.97175 | Z6: =SQRT((((I6-$Y6)^2)*T6+((K6-$Y6)^2)*U6+((M6-$Y6)^2)*V6+((O6-$Y6)^2)*W6)/(X6-1)) -> 0.51104467 | AA6: =(H6*T6+J6*U6+L6*V6+N6*W6)/X6 -> 1.0386 | AB6: =SQRT((((H6-$Z6)^2)*T6+((J6-$Z6)^2)*U6+((L6-$Z6)^2)*V6+((N6-$Z6)^2)*W6)/(X6-1)) -> 0.87606608 | AC6: =AA6/(Y6+AA6) -> 0.34500972 | AD6: =Y6+AA6 -> 3.01035 | AE6: =SQRT((((H6+I6-$AD6)^2)*T6+((J6+K6-$AD6)^2)*U6+((L6+M6-$AD6)^2)*V6+((N6+O6-$AD6)^2)*W6)/(X6-1)) -> 0.2505364 | AF6: =AE6/AD6 -> 0.083225009 | AH6: =((H6+I6-$AD$19)^2)*T6+((J6+K6-$AD$19)^2)*U6+((L6+M6-$AD$19)^2)*V6+((N6+O6-$AD$19)^2)*W6 -> 0.89217403
A7: 39022 | B7: 0.041666667 | C7: 187 | D7: 2 | E7: 187.08333 | F7: 44748 | G7: DOY 187: 07/06 | H7: =Stem_all!H7*6/1000 -> 1.2138 | I7: =Stem_all!I7*6/1000 -> 0.7872 | J7: =Stem_all!J7*6/1000 -> 1.908 | K7: =Stem_all!K7*6/1000 -> 1.0866 | L7: =Stem_all!L7*6/1000 -> 0.8436 | M7: =Stem_all!M7*6/1000 -> 4.2426 | N7: =Stem_all!N7*6/1000 -> 1.8468 | O7: =Stem_all!O7*6/1000 -> 3.3588 | ... S7: =Stem_all!S7*6/1000 -> 5.2056 | T7: 1 | U7: 1 | V7: 0 | W7: 1 | X7: 3 | Y7: =(I7*T7+K7*U7+M7*V7+O7*W7)/X7 -> 1.7442 | Z7: =SQRT((((I7-$Y7)^2)*T7+((K7-$Y7)^2)*U7+((M7-$Y7)^2)*V7+((O7-$Y7)^2)*W7)/(X7-1)) -> 1.4062752 | AA7: =(H7*T7+J7*U7+L7*V7+N7*W7)/X7 -> 1.6562 | AB7: =SQRT((((H7-$Z7)^2)*T7+((J7-$Z7)^2)*U7+((L7-$Z7)^2)*V7+((N7-$Z7)^2)*W7)/(X7-1)) -> 0.49134334 | AC7: =AA7/(Y7+AA7) -> 0.48706035 | AD7: =Y7+AA7 -> 3.4004 | AE7: =SQRT((((H7+I7-$AD7)^2)*T7+((J7+K7-$AD7)^2)*U7+((L7+M7-$AD7)^2)*V7+((N7+O7-$AD7)^2)*W7)/(X7-1)) -> 1.6403873 | AF7: =AE7/AD7 -> 0.4824101 | AH7: =((H7+I7-$AD$19)^2)*T7+((J7+K7-$AD$19)^2)*U7+((L7+M7-$AD$19)^2)*V7+((N7+O7-$AD$19)^2)*W7 -> 7.3477788
A8: 39387 | B8: 0.16666667 | C8: 187 | D8: 5 | E8: 187.20833 | F8: 44748 | G8: DOY 187: 07/06 | H8: =Stem_all!H8*6/1000 -> 1.6062 | I8: =Stem_all!I8*6/1000 -> 0.1272 | J8: =Stem_all!J8*6/1000 -> 2.9622 | K8: =Stem_all!K8*6/1000 -> 0.8106 | L8: =Stem_all!L8*6/1000 -> 1.098 | M8: =Stem_all!M8*6/1000 -> 1.542 | N8: =Stem_all!N8*6/1000 -> 0.7986 | O8: =Stem_all!O8*6/1000 -> 0.0588 | ... S8: =Stem_all!S8*6/1000 -> 0.8574 | T8: 1 | U8: 1 | V8: 0 | W8: 1 | X8: 3 | Y8: =(I8*T8+K8*U8+M8*V8+O8*W8)/X8 -> 0.3322 | Z8: =SQRT((((I8-$Y8)^2)*T8+((K8-$Y8)^2)*U8+((M8-$Y8)^2)*V8+((O8-$Y8)^2)*W8)/(X8-1)) -> 0.41571572 | AA8: =(H8*T8+J8*U8+L8*V8+N8*W8)/X8 -> 1.789 | AB8: =SQRT((((H8-$Z8)^2)*T8+((J8-$Z8)^2)*U8+((L8-$Z8)^2)*V8+((N8-$Z8)^2)*W8)/(X8-1)) -> 2.0060453 | AC8: =AA8/(Y8+AA8) -> 0.84339053 | AD8: =Y8+AA8 -> 2.1212 | AE8: =SQRT((((H8+I8-$AD8)^2)*T8+((J8+K8-$AD8)^2)*U8+((L8+M8-$AD8)^2)*V8+((N8+O8-$AD8)^2)*W8)/(X8-1)) -> 1.495888 | AF8: =AE8/AD8 -> 0.70520837 | AH8: =((H8+I8-$AD$19)^2)*T8+((J8+K8-$AD$19)^2)*U8+((L8+M8-$AD$19)^2)*V8+((N8+O8-$AD$19)^2)*W8 -> 5.1371192
A9: 39753 | B9: 0.29166667 | C9: 187 | D9: 8 | E9: 187.33333 | F9: 44748 | G9: DOY 187: 07/06 | H9: =Stem_all!H9*6/1000 -> 0.5316 | I9: =Stem_all!I9*6/1000 -> 0.0618 | J9: =Stem_all!J9*6/1000 -> 1.2186 | K9: =Stem_all!K9*6/1000 -> 0.5142 | L9: =Stem_all!L9*6/1000 -> 0.3996 | M9: =Stem_all!M9*6/1000 -> 0.414 | N9: =Stem_all!N9*6/1000 -> 0.6672 | O9: =Stem_all!O9*6/1000 -> 0.2634 | ... S9: =Stem_all!S9*6/1000 -> 0.9306 | T9: 1 | U9: 1 | V9: 1 | W9: 1 | X9: 4 | Y9: =(I9*T9+K9*U9+M9*V9+O9*W9)/X9 -> 0.31335 | Z9: =SQRT((((I9-$Y9)^2)*T9+((K9-$Y9)^2)*U9+((M9-$Y9)^2)*V9+((O9-$Y9)^2)*W9)/(X9-1)) -> 0.19684474 | AA9: =(H9*T9+J9*U9+L9*V9+N9*W9)/X9 -> 0.70425 | AB9: =SQRT((((H9-$Z9)^2)*T9+((J9-$Z9)^2)*U9+((L9-$Z9)^2)*V9+((N9-$Z9)^2)*W9)/(X9-1)) -> 0.68760179 | AC9: =AA9/(Y9+AA9) -> 0.69206958 | AD9: =Y9+AA9 -> 1.0176 | AE9: =SQRT((((H9+I9-$AD9)^2)*T9+((J9+K9-$AD9)^2)*U9+((L9+M9-$AD9)^2)*V9+((N9+O9-$AD9)^2)*W9)/(X9-1)) -> 0.49687077 | AF9: =AE9/AD9 -> 0.48827709 | AH9: =((H9+I9-$AD$19)^2)*T9+((J9+K9-$AD$19)^2)*U9+((L9+M9-$AD$19)^2)*V9+((N9+O9-$AD$19)^2)*W9 -> 10.641301
A10: 37197 | B10: 0.29166667 | C10: 209 | D10: 8 | E10: 209.33333 | F10: 44770 | G10: DOY 209: 07/28 | H10: =Stem_all!H10*6/1000 -> 3.381 | I10: =Stem_all!I10*6/1000 -> 0.1716 | J10: =Stem_all!J10*6/1000 -> 5.3046 | K10: =Stem_all!K10*6/1000 -> 0.5856 | L10: =Stem_all!L10*6/1000 -> 7.7988 | M10: =Stem_all!M10*6/1000 -> 0.4296 | N10: =Stem_all!N10*6/1000 -> 2.0922 | O10: =Stem_all!O10*6/1000 -> 0.0132 | ... S10: =Stem_all!S10*6/1000 -> 2.1054 | T10: 1 | U10: 1 | V10: 1 | W10: 1 | X10: 4 | Y10: =(I10*T10+K10*U10+M10*V10+O10*W10)/X10 -> 0.3 | Z10: =SQRT((((I10-$Y10)^2)*T10+((K10-$Y10)^2)*U10+((M10-$Y10)^2)*V10+((O10-$Y10)^2)*W10)/(X10-1)) -> 0.25632292 | AA10: =(H10*T10+J10*U10+L10*V10+N10*W10)/X10 -> 4.64415 | AB10: =SQRT((((H10-$Z10)^2)*T10+((J10-$Z10)^2)*U10+((L10-$Z10)^2)*V10+((N10-$Z10)^2)*W10)/(X10-1)) -> 5.6423433 | AC10: =AA10/(Y10+AA10) -> 0.93932223 | AD10: =Y10+AA10 -> 4.94415 | AE10: =SQRT((((H10+I10-$AD10)^2)*T10+((J10+K10-$AD10)^2)*U10+((L10+M10-$AD10)^2)*V10+((N10+O10-$AD10)^2)*W10)/(X10-1)) -> 2.6880118 | AF10: =AE10/AD10 -> 0.5436752 | AH10: =((H10+I10-$AD$19)^2)*T10+((J10+K10-$AD$19)^2)*U10+((L10+M10-$AD$19)^2)*V10+((N10+O10-$AD$19)^2)*W10 -> 43.828011
A11: 37562 | B11: 0.54166667 | C11: 209 | D11: 13 | E11: 209.54167 | F11: 44770 | G11: DOY 209: 07/28 | H11: =Stem_all!H11*6/1000 -> 5.0616 | I11: =Stem_all!I11*6/1000 -> 0.7008 | J11: =Stem_all!J11*6/1000 -> 4.9752 | K11: =Stem_all!K11*6/1000 -> 0.2862 | L11: =Stem_all!L11*6/1000 -> 3.345 | M11: =Stem_all!M11*6/1000 -> 0.5136 | N11: =Stem_all!N11*6/1000 -> 2.2932 | O11: =Stem_all!O11*6/1000 -> 0.3558 | ... S11: =Stem_all!S11*6/1000 -> 2.649 | T11: 1 | U11: 1 | V11: 1 | W11: 1 | X11: 4 | Y11: =(I11*T11+K11*U11+M11*V11+O11*W11)/X11 -> 0.4641 | Z11: =SQRT((((I11-$Y11)^2)*T11+((K11-$Y11)^2)*U11+((M11-$Y11)^2)*V11+((O11-$Y11)^2)*W11)/(X11-1)) -> 0.18425927 | AA11: =(H11*T11+J11*U11+L11*V11+N11*W11)/X11 -> 3.91875 | AB11: =SQRT((((H11-$Z11)^2)*T11+((J11-$Z11)^2)*U11+((L11-$Z11)^2)*V11+((N11-$Z11)^2)*W11)/(X11-1)) -> 4.5158786 | AC11: =AA11/(Y11+AA11) -> 0.89411 | AD11: =Y11+AA11 -> 4.38285 | AE11: =SQRT((((H11+I11-$AD11)^2)*T11+((J11+K11-$AD11)^2)*U11+((L11+M11-$AD11)^2)*V11+((N11+O11-$AD11)^2)*W11)/(X11-1)) -> 1.4090283 | AF11: =AE11/AD11 -> 0.32148677 | AH11: =((H11+I11-$AD$19)^2)*T11+((J11+K11-$AD$19)^2)*U11+((L11+M11-$AD$19)^2)*V11+((N11+O11-$AD$19)^2)*W11 -> 18.800914
A12: 37198 | B12: 0.29166667 | C12: 236 | D12: 8 | E12: 236.33333 | F12: 44797 | G12: DOY 236: 08/24 | H12: =Stem_all!H12*6/1000 -> 1.7094 | I12: =Stem_all!I12*6/1000 -> 0.6258 | J12: =Stem_all!J12*6/1000 -> 1.3872 | K12: =Stem_all!K12*6/1000 -> 0.504 | L12: =Stem_all!L12*6/1000 -> 2.4048 | M12: =Stem_all!M12*6/1000 -> 0.876 | N12: =Stem_all!N12*6/1000 -> 0.9492 | O12: =Stem_all!O12*6/1000 -> 0.795 | ... S12: =Stem_all!S12*6/1000 -> 1.7442 | T12: 1 | U12: 1 | V12: 0 | W12: 1 | X12: 3 | Y12: =(I12*T12+K12*U12+M12*V12+O12*W12)/X12 -> 0.6416 | Z12: =SQRT((((I12-$Y12)^2)*T12+((K12-$Y12)^2)*U12+((M12-$Y12)^2)*V12+((O12-$Y12)^2)*W12)/(X12-1)) -> 0.14614199 | AA12: =(H12*T12+J12*U12+L12*V12+N12*W12)/X12 -> 1.3486 | AB12: =SQRT((((H12-$Z12)^2)*T12+((J12-$Z12)^2)*U12+((L12-$Z12)^2)*V12+((N12-$Z12)^2)*W12)/(X12-1)) -> 1.5213321 | AC12: =AA12/(Y12+AA12) -> 0.67762034 | AD12: =Y12+AA12 -> 1.9902 | AE12: =SQRT((((H12+I12-$AD12)^2)*T12+((J12+K12-$AD12)^2)*U12+((L12+M12-$AD12)^2)*V12+((N12+O12-$AD12)^2)*W12)/(X12-1)) -> 0.30768653 | AF12: =AE12/AD12 -> 0.15460081 | AH12: =((H12+I12-$AD$19)^2)*T12+((J12+K12-$AD$19)^2)*U12+((L12+M12-$AD$19)^2)*V12+((N12+O12-$AD$19)^2)*W12 -> 1.2717396
A13: 37563 | B13: 0.54166667 | C13: 236 | D13: 13 | E13: 236.54167 | F13: 44797 | G13: DOY 236: 08/24 | H13: =Stem_all!H13*6/1000 -> 1.8288 | I13: =Stem_all!I13*6/1000 -> 0.375 | J13: =Stem_all!J13*6/1000 -> 1.6716 | K13: =Stem_all!K13*6/1000 -> 0.6792 | L13: =Stem_all!L13*6/1000 -> 1.6986 | M13: =Stem_all!M13*6/1000 -> 1.4064 | N13: =Stem_all!N13*6/1000 -> 1.0914 | O13: =Stem_all!O13*6/1000 -> 1.1178 | ... S13: =Stem_all!S13*6/1000 -> 2.2092 | T13: 1 | U13: 1 | V13: 0 | W13: 1 | X13: 3 | Y13: =(I13*T13+K13*U13+M13*V13+O13*W13)/X13 -> 0.724 | Z13: =SQRT((((I13-$Y13)^2)*T13+((K13-$Y13)^2)*U13+((M13-$Y13)^2)*V13+((O13-$Y13)^2)*W13)/(X13-1)) -> 0.373421 | AA13: =(H13*T13+J13*U13+L13*V13+N13*W13)/X13 -> 1.5306 | AB13: =SQRT((((H13-$Z13)^2)*T13+((J13-$Z13)^2)*U13+((L13-$Z13)^2)*V13+((N13-$Z13)^2)*W13)/(X13-1)) -> 1.4695051 | AC13: =AA13/(Y13+AA13) -> 0.67887874 | AD13: =Y13+AA13 -> 2.2546 | AE13: =SQRT((((H13+I13-$AD13)^2)*T13+((J13+K13-$AD13)^2)*U13+((L13+M13-$AD13)^2)*V13+((N13+O13-$AD13)^2)*W13)/(X13-1)) -> 0.083355384 | AF13: =AE13/AD13 -> 0.036971252 | AH13: =((H13+I13-$AD$19)^2)*T13+((J13+K13-$AD$19)^2)*U13+((L13+M13-$AD$19)^2)*V13+((N13+O13-$AD$19)^2)*W13 -> 0.35311995
... A17: 37929 | B17: 0.79166667 | C17: 258 | D17: 20 | E17: 258.83333 | F17: 44819 | G17: DOY 258: 09/15 | H17: =Stem_all!H17*6/1000 -> 1.8708 | I17: =Stem_all!I17*6/1000 -> -0.0066 | J17: =Stem_all!J17*6/1000 -> 2.9544 | K17: =Stem_all!K17*6/1000 -> 0.1428 | L17: =Stem_all!L17*6/1000 -> 3.8004 | M17: =Stem_all!M17*6/1000 -> 0.3582 | N17: =Stem_all!N17*6/1000 -> 1.9332 | O17: =Stem_all!O17*6/1000 -> 0.4488 | ... S17: =Stem_all!S17*6/1000 -> 2.382 | T17: 0 | U17: 1 | V17: 0 | W17: 1 | X17: 2 | Y17: =(I17*T17+K17*U17+M17*V17+O17*W17)/X17 -> 0.2958 | Z17: =SQRT((((I17-$Y17)^2)*T17+((K17-$Y17)^2)*U17+((M17-$Y17)^2)*V17+((O17-$Y17)^2)*W17)/(X17-1)) -> 0.21637468 | AA17: =(H17*T17+J17*U17+L17*V17+N17*W17)/X17 -> 2.4438 | AB17: =SQRT((((H17-$Z17)^2)*T17+((J17-$Z17)^2)*U17+((L17-$Z17)^2)*V17+((N17-$Z17)^2)*W17)/(X17-1)) -> 3.2317599 | AC17: =AA17/(Y17+AA17) -> 0.89202803 | AD17: =Y17+AA17 -> 2.7396 | AE17: =SQRT((((H17+I17-$AD17)^2)*T17+((J17+K17-$AD17)^2)*U17+((L17+M17-$AD17)^2)*V17+((N17+O17-$AD17)^2)*W17)/(X17-1)) -> 0.50572277 | AF17: =AE17/AD17 -> 0.1845973 | AH17: =((H17+I17-$AD$19)^2)*T17+((J17+K17-$AD$19)^2)*U17+((L17+M17-$AD$19)^2)*V17+((N17+O17-$AD$19)^2)*W17 -> 0.29999935
A18: 37200 | B18: 0.5 | C18: 278 | D18: 12 | E18: 278.5 | F18: 44839 | G18: DOY 278: 10/05 | H18: =Stem_all!H18*6/1000 -> 0.0984 | I18: =Stem_all!I18*6/1000 -> -0.0288 | J18: =Stem_all!J18*6/1000 -> 0.366 | K18: =Stem_all!K18*6/1000 -> 0.2214 | L18: =Stem_all!L18*6/1000 -> 0.3546 | M18: =Stem_all!M18*6/1000 -> 0.9294 | N18: =Stem_all!N18*6/1000 -> 0.0876 | O18: =Stem_all!O18*6/1000 -> 0 | ... S18: =Stem_all!S18*6/1000 -> 0.0876 | T18: 0 | U18: 0 | V18: 0 | W18: 1 | X18: 1 | Y18: =(I18*T18+K18*U18+M18*V18+O18*W18)/X18 -> 0 | Z18: =SQRT((((I18-$Y18)^2)*T18+((K18-$Y18)^2)*U18+((M18-$Y18)^2)*V18+((O18-$Y18)^2)*W18)/(X18)) -> 0 | AA18: =(H18*T18+J18*U18+L18*V18+N18*W18)/X18 -> 0.0876 | AB18: =SQRT((((H18-$Z18)^2)*T18+((J18-$Z18)^2)*U18+((L18-$Z18)^2)*V18+((N18-$Z18)^2)*W18)/(X18)) -> 0.0876 | AC18: =AA18/(Y18+AA18) -> 1 | AD18: =Y18+AA18 -> 0.0876 | AE18: =SQRT((((H18+I18-$AD18)^2)*T18+((J18+K18-$AD18)^2)*U18+((L18+M18-$AD18)^2)*V18+((N18+O18-$AD18)^2)*W18)/(X18)) -> 0 | AF18: =AE18/AD18 -> 0 | AH18: =((H18+I18-$AD$19)^2)*T18+((J18+K18-$AD$19)^2)*U18+((L18+M18-$AD$19)^2)*V18+((N18+O18-$AD$19)^2)*W18 -> 6.2663388
AD19: =AVERAGE(AD3:AD18) -> 2.5908656 | AH19: =SQRT(SUM(AH2:AH17)/(SUM(X2:X17)-1)) -> 1.5450222

Sheet DM
A1: Sample ID | B1: Hour | C1: DOY | D1: hour | E1: time | F1: Date | G1: DOY_date | H1: GFS_1 | I1: Starch_1 | J1: GFS_2 | K1: Starch_2 | L1: GFS_3 | M1: Starch_3 | N1: GFS_4 | O1: Starch_4 | P1: Carb_tot_1 | Q1: Carb_tot_2 | R1: Carb_tot_3 | S1: Carb_tot_4 | T1: Valid_1 | U1: Valid_2 | V1: Valid_3 | W1: Valid_4 | X1: Total valid | Y1: Starch_mean | Z1: Starch_std | AA1: GFS_mean | AB1: GFS_std | AC1: GFS% | AD1: Carb_total_mean | AE1: Carb_total_std | AF1: Carb_CV | AH1: Total_std
A2: 37196 | B2: 0.41666667 | C2: 186 | D2: 11 | E2: 186.45833 | F2: 44747 | G2: DOY 186: 07/05 | H2: =Stem_all!H2*0.18 -> 64.386 | I2: =Stem_all!I2*0.18 -> 10.242 | J2: =Stem_all!J2*0.18 -> 83.736 | K2: =Stem_all!K2*0.18 -> 101.43 | L2: =Stem_all!L2*0.18 -> 175.842 | M2: =Stem_all!M2*0.18 -> 32.202 | N2: =Stem_all!N2*0.18 -> 58.698 | O2: =Stem_all!O2*0.18 -> 5.814 | ... S2: =Stem_all!S2*0.18 -> 64.512 | T2: 1 | U2: 1 | V2: 0 | W2: 1 | X2: 3 | Y2: =(I2*T2+K2*U2+M2*V2+O2*W2)/X2 -> 39.162 | Z2: =SQRT((((I2-$Y2)^2)*T2+((K2-$Y2)^2)*U2+((M2-$Y2)^2)*V2+((O2-$Y2)^2)*W2)/(X2-1)) -> 53.9711 | AA2: =(H2*T2+J2*U2+L2*V2+N2*W2)/X2 -> 68.94 | AB2: =SQRT((((H2-$Z2)^2)*T2+((J2-$Z2)^2)*U2+((L2-$Z2)^2)*V2+((N2-$Z2)^2)*W2)/(X2-1)) -> 22.547317 | AC2: =AA2/(Y2+AA2) -> 0.63773103 | AD2: =Y2+AA2 -> 108.102 | AE2: =SQRT((((H2+I2-$AD2)^2)*T2+((J2+K2-$AD2)^2)*U2+((L2+M2-$AD2)^2)*V2+((N2+O2-$AD2)^2)*W2)/(X2-1)) -> 66.930773 | AF2: =AE2/AD2 -> 0.61914464 | AH2: =((H2+I2-$AD$19)^2)*T2+((J2+K2-$AD$19)^2)*U2+((L2+M2-$AD$19)^2)*V2+((N2+O2-$AD$19)^2)*W2 -> 11727.567
A3: 37561 | B3: 0.54166667 | C3: 186 | D3: 14 | E3: 186.58333 | F3: 44747 | G3: DOY 186: 07/05 | H3: =Stem_all!H3*0.18 -> 81.36 | I3: =Stem_all!I3*0.18 -> 33.354 | J3: =Stem_all!J3*0.18 -> 30.636 | K3: =Stem_all!K3*0.18 -> 40.572 | L3: =Stem_all!L3*0.18 -> 51.336 | M3: =Stem_all!M3*0.18 -> 19.44 | N3: =Stem_all!N3*0.18 -> 42.39 | O3: =Stem_all!O3*0.18 -> 13.896 | ... S3: =Stem_all!S3*0.18 -> 56.286 | T3: 1 | U3: 0 | V3: 0 | W3: 1 | X3: 2 | Y3: =(I3*T3+K3*U3+M3*V3+O3*W3)/X3 -> 23.625 | Z3: =SQRT((((I3-$Y3)^2)*T3+((K3-$Y3)^2)*U3+((M3-$Y3)^2)*V3+((O3-$Y3)^2)*W3)/(X3-1)) -> 13.758884 | AA3: =(H3*T3+J3*U3+L3*V3+N3*W3)/X3 -> 61.875 | AB3: =SQRT((((H3-$Z3)^2)*T3+((J3-$Z3)^2)*U3+((L3-$Z3)^2)*V3+((N3-$Z3)^2)*W3)/(X3-1)) -> 73.414248 | AC3: =AA3/(Y3+AA3) -> 0.72368421 | AD3: =Y3+AA3 -> 85.5 | AE3: =SQRT((((H3+I3-$AD3)^2)*T3+((J3+K3-$AD3)^2)*U3+((L3+M3-$AD3)^2)*V3+((N3+O3-$AD3)^2)*W3)/(X3-1)) -> 41.314835 | AF3: =AE3/AD3 -> 0.48321444 | AH3: =((H3+I3-$AD$19)^2)*T3+((J3+K3-$AD$19)^2)*U3+((L3+M3-$AD$19)^2)*V3+((N3+O3-$AD$19)^2)*W3 -> 1827.7867
A4: 37926 | B4: 0.66666667 | C4: 186 | D4: 17 | E4: 186.70833 | F4: 44747 | G4: DOY 186: 07/05 | H4: =Stem_all!H4*0.18 -> 57.312 | I4: =Stem_all!I4*0.18 -> 7.272 | J4: =Stem_all!J4*0.18 -> 61.254 | K4: =Stem_all!K4*0.18 -> 32.67 | L4: =Stem_all!L4*0.18 -> 26.946 | M4: =Stem_all!M4*0.18 -> 86.238 | N4: =Stem_all!N4*0.18 -> 29.196 | O4: =Stem_all!O4*0.18 -> 31.95 | ... S4: =Stem_all!S4*0.18 -> 61.146 | T4: 1 | U4: 1 | V4: 0 | W4: 1 | X4: 3 | Y4: =(I4*T4+K4*U4+M4*V4+O4*W4)/X4 -> 23.964 | Z4: =SQRT((((I4-$Y4)^2)*T4+((K4-$Y4)^2)*U4+((M4-$Y4)^2)*V4+((O4-$Y4)^2)*W4)/(X4-1)) -> 14.460178 | AA4: =(H4*T4+J4*U4+L4*V4+N4*W4)/X4 -> 49.254 | AB4: =SQRT((((H4-$Z4)^2)*T4+((J4-$Z4)^2)*U4+((L4-$Z4)^2)*V4+((N4-$Z4)^2)*W4)/(X4-1)) -> 46.060204 | AC4: =AA4/(Y4+AA4) -> 0.67270343 | AD4: =Y4+AA4 -> 73.218 | AE4: =SQRT((((H4+I4-$AD4)^2)*T4+((J4+K4-$AD4)^2)*U4+((L4+M4-$AD4)^2)*V4+((N4+O4-$AD4)^2)*W4)/(X4-1)) -> 18.014127 | AF4: =AE4/AD4 -> 0.24603414 | AH4: =((H4+I4-$AD$19)^2)*T4+((J4+K4-$AD$19)^2)*U4+((L4+M4-$AD$19)^2)*V4+((N4+O4-$AD$19)^2)*W4 -> 709.98292
A5: 38292 | B5: 0.79166667 | C5: 186 | D5: 20 | E5: 186.83333 | F5: 44747 | G5: DOY 186: 07/05 | H5: =Stem_all!H5*0.18 -> 41.508 | I5: =Stem_all!I5*0.18 -> 38.394 | J5: =Stem_all!J5*0.18 -> 41.976 | K5: =Stem_all!K5*0.18 -> 23.418 | L5: =Stem_all!L5*0.18 -> 86.076 | M5: =Stem_all!M5*0.18 -> 74.052 | N5: =Stem_all!N5*0.18 -> 34.02 | O5: =Stem_all!O5*0.18 -> 8.424 | ... S5: =Stem_all!S5*0.18 -> 42.444 | T5: 1 | U5: 1 | V5: 0 | W5: 1 | X5: 3 | Y5: =(I5*T5+K5*U5+M5*V5+O5*W5)/X5 -> 23.412 | Z5: =SQRT((((I5-$Y5)^2)*T5+((K5-$Y5)^2)*U5+((M5-$Y5)^2)*V5+((O5-$Y5)^2)*W5)/(X5-1)) -> 14.985001 | AA5: =(H5*T5+J5*U5+L5*V5+N5*W5)/X5 -> 39.168 | AB5: =SQRT((((H5-$Z5)^2)*T5+((J5-$Z5)^2)*U5+((L5-$Z5)^2)*V5+((N5-$Z5)^2)*W5)/(X5-1)) -> 29.952585 | AC5: =AA5/(Y5+AA5) -> 0.62588686 | AD5: =Y5+AA5 -> 62.58 | AE5: =SQRT((((H5+I5-$AD5)^2)*T5+((J5+K5-$AD5)^2)*U5+((L5+M5-$AD5)^2)*V5+((N5+O5-$AD5)^2)*W5)/(X5-1)) -> 18.886884 | AF5: =AE5/AD5 -> 0.30180384 | AH5: =((H5+I5-$AD$19)^2)*T5+((J5+K5-$AD$19)^2)*U5+((L5+M5-$AD$19)^2)*V5+((N5+O5-$AD$19)^2)*W5 -> 1401.6299
A6: 38657 | B6: 0.91666667 | C6: 186 | D6: 23 | E6: 186.95833 | F6: 44747 | G6: DOY 186: 07/05 | H6: =Stem_all!H6*0.18 -> 51.516 | I6: =Stem_all!I6*0.18 -> 48.132 | J6: =Stem_all!J6*0.18 -> 42.84 | K6: =Stem_all!K6*0.18 -> 44.208 | L6: =Stem_all!L6*0.18 -> 13.392 | M6: =Stem_all!M6*0.18 -> 68.724 | N6: =Stem_all!N6*0.18 -> 16.884 | O6: =Stem_all!O6*0.18 -> 75.546 | ... S6: =Stem_all!S6*0.18 -> 92.43 | T6: 1 | U6: 1 | V6: 1 | W6: 1 | X6: 4 | Y6: =(I6*T6+K6*U6+M6*V6+O6*W6)/X6 -> 59.1525 | Z6: =SQRT((((I6-$Y6)^2)*T6+((K6-$Y6)^2)*U6+((M6-$Y6)^2)*V6+((O6-$Y6)^2)*W6)/(X6-1)) -> 15.33134 | AA6: =(H6*T6+J6*U6+L6*V6+N6*W6)/X6 -> 31.158 | AB6: =SQRT((((H6-$Z6)^2)*T6+((J6-$Z6)^2)*U6+((L6-$Z6)^2)*V6+((N6-$Z6)^2)*W6)/(X6-1)) -> 26.281982 | AC6: =AA6/(Y6+AA6) -> 0.34500972 | AD6: =Y6+AA6 -> 90.3105 | AE6: =SQRT((((H6+I6-$AD6)^2)*T6+((J6+K6-$AD6)^2)*U6+((L6+M6-$AD6)^2)*V6+((N6+O6-$AD6)^2)*W6)/(X6-1)) -> 7.5160921 | AF6: =AE6/AD6 -> 0.083225009 | AH6: =((H6+I6-$AD$19)^2)*T6+((J6+K6-$AD$19)^2)*U6+((L6+M6-$AD$19)^2)*V6+((N6+O6-$AD$19)^2)*W6 -> 802.95663
A7: 39022 | B7: 0.041666667 | C7: 187 | D7: 2 | E7: 187.08333 | F7: 44748 | G7: DOY 187: 07/06 | H7: =Stem_all!H7*0.18 -> 36.414 | I7: =Stem_all!I7*0.18 -> 23.616 | J7: =Stem_all!J7*0.18 -> 57.24 | K7: =Stem_all!K7*0.18 -> 32.598 | L7: =Stem_all!L7*0.18 -> 25.308 | M7: =Stem_all!M7*0.18 -> 127.278 | N7: =Stem_all!N7*0.18 -> 55.404 | O7: =Stem_all!O7*0.18 -> 100.764 | ... S7: =Stem_all!S7*0.18 -> 156.168 | T7: 1 | U7: 1 | V7: 0 | W7: 1 | X7: 3 | Y7: =(I7*T7+K7*U7+M7*V7+O7*W7)/X7 -> 52.326 | Z7: =SQRT((((I7-$Y7)^2)*T7+((K7-$Y7)^2)*U7+((M7-$Y7)^2)*V7+((O7-$Y7)^2)*W7)/(X7-1)) -> 42.188256 | AA7: =(H7*T7+J7*U7+L7*V7+N7*W7)/X7 -> 49.686 | AB7: =SQRT((((H7-$Z7)^2)*T7+((J7-$Z7)^2)*U7+((L7-$Z7)^2)*V7+((N7-$Z7)^2)*W7)/(X7-1)) -> 14.7403 | AC7: =AA7/(Y7+AA7) -> 0.48706035 | AD7: =Y7+AA7 -> 102.012 | AE7: =SQRT((((H7+I7-$AD7)^2)*T7+((J7+K7-$AD7)^2)*U7+((L7+M7-$AD7)^2)*V7+((N7+O7-$AD7)^2)*W7)/(X7-1)) -> 49.211619 | AF7: =AE7/AD7 -> 0.4824101 | AH7: =((H7+I7-$AD$19)^2)*T7+((J7+K7-$AD$19)^2)*U7+((L7+M7-$AD$19)^2)*V7+((N7+O7-$AD$19)^2)*W7 -> 6613.0009
A8: 39387 | B8: 0.16666667 | C8: 187 | D8: 5 | E8: 187.20833 | F8: 44748 | G8: DOY 187: 07/06 | H8: =Stem_all!H8*0.18 -> 48.186 | I8: =Stem_all!I8*0.18 -> 3.816 | J8: =Stem_all!J8*0.18 -> 88.866 | K8: =Stem_all!K8*0.18 -> 24.318 | L8: =Stem_all!L8*0.18 -> 32.94 | M8: =Stem_all!M8*0.18 -> 46.26 | N8: =Stem_all!N8*0.18 -> 23.958 | O8: =Stem_all!O8*0.18 -> 1.764 | ... S8: =Stem_all!S8*0.18 -> 25.722 | T8: 1 | U8: 1 | V8: 0 | W8: 1 | X8: 3 | Y8: =(I8*T8+K8*U8+M8*V8+O8*W8)/X8 -> 9.966 | Z8: =SQRT((((I8-$Y8)^2)*T8+((K8-$Y8)^2)*U8+((M8-$Y8)^2)*V8+((O8-$Y8)^2)*W8)/(X8-1)) -> 12.471472 | AA8: =(H8*T8+J8*U8+L8*V8+N8*W8)/X8 -> 53.67 | AB8: =SQRT((((H8-$Z8)^2)*T8+((J8-$Z8)^2)*U8+((L8-$Z8)^2)*V8+((N8-$Z8)^2)*W8)/(X8-1)) -> 60.181359 | AC8: =AA8/(Y8+AA8) -> 0.84339053 | AD8: =Y8+AA8 -> 63.636 | AE8: =SQRT((((H8+I8-$AD8)^2)*T8+((J8+K8-$AD8)^2)*U8+((L8+M8-$AD8)^2)*V8+((N8+O8-$AD8)^2)*W8)/(X8-1)) -> 44.87664 | AF8: =AE8/AD8 -> 0.70520837 | AH8: =((H8+I8-$AD$19)^2)*T8+((J8+K8-$AD$19)^2)*U8+((L8+M8-$AD$19)^2)*V8+((N8+O8-$AD$19)^2)*W8 -> 4623.4073
A9: 39753 | B9: 0.29166667 | C9: 187 | D9: 8 | E9: 187.33333 | F9: 44748 | G9: DOY 187: 07/06 | H9: =Stem_all!H9*0.18 -> 15.948 | I9: =Stem_all!I9*0.18 -> 1.854 | J9: =Stem_all!J9*0.18 -> 36.558 | K9: =Stem_all!K9*0.18 -> 15.426 | L9: =Stem_all!L9*0.18 -> 11.988 | M9: =Stem_all!M9*0.18 -> 12.42 | N9: =Stem_all!N9*0.18 -> 20.016 | O9: =Stem_all!O9*0.18 -> 7.902 | ... S9: =Stem_all!S9*0.18 -> 27.918 | T9: 1 | U9: 1 | V9: 1 | W9: 1 | X9: 4 | Y9: =(I9*T9+K9*U9+M9*V9+O9*W9)/X9 -> 9.4005 | Z9: =SQRT((((I9-$Y9)^2)*T9+((K9-$Y9)^2)*U9+((M9-$Y9)^2)*V9+((O9-$Y9)^2)*W9)/(X9-1)) -> 5.9053421 | AA9: =(H9*T9+J9*U9+L9*V9+N9*W9)/X9 -> 21.1275 | AB9: =SQRT((((H9-$Z9)^2)*T9+((J9-$Z9)^2)*U9+((L9-$Z9)^2)*V9+((N9-$Z9)^2)*W9)/(X9-1)) -> 20.628054 | AC9: =AA9/(Y9+AA9) -> 0.69206958 | AD9: =Y9+AA9 -> 30.528 | AE9: =SQRT((((H9+I9-$AD9)^2)*T9+((J9+K9-$AD9)^2)*U9+((L9+M9-$AD9)^2)*V9+((N9+O9-$AD9)^2)*W9)/(X9-1)) -> 14.906123 | AF9: =AE9/AD9 -> 0.48827709 | AH9: =((H9+I9-$AD$19)^2)*T9+((J9+K9-$AD$19)^2)*U9+((L9+M9-$AD$19)^2)*V9+((N9+O9-$AD$19)^2)*W9 -> 9577.1705
A10: 37197 | B10: 0.29166667 | C10: 209 | D10: 8 | E10: 209.33333 | F10: 44770 | G10: DOY 209: 07/28 | H10: =Stem_all!H10*0.18 -> 101.43 | I10: =Stem_all!I10*0.18 -> 5.148 | J10: =Stem_all!J10*0.18 -> 159.138 | K10: =Stem_all!K10*0.18 -> 17.568 | L10: =Stem_all!L10*0.18 -> 233.964 | M10: =Stem_all!M10*0.18 -> 12.888 | N10: =Stem_all!N10*0.18 -> 62.766 | O10: =Stem_all!O10*0.18 -> 0.396 | ... S10: =Stem_all!S10*0.18 -> 63.162 | T10: 1 | U10: 1 | V10: 1 | W10: 1 | X10: 4 | Y10: =(I10*T10+K10*U10+M10*V10+O10*W10)/X10 -> 9 | Z10: =SQRT((((I10-$Y10)^2)*T10+((K10-$Y10)^2)*U10+((M10-$Y10)^2)*V10+((O10-$Y10)^2)*W10)/(X10-1)) -> 7.6896876 | AA10: =(H10*T10+J10*U10+L10*V10+N10*W10)/X10 -> 139.3245 | AB10: =SQRT((((H10-$Z10)^2)*T10+((J10-$Z10)^2)*U10+((L10-$Z10)^2)*V10+((N10-$Z10)^2)*W10)/(X10-1)) -> 169.2703 | AC10: =AA10/(Y10+AA10) -> 0.93932223 | AD10: =Y10+AA10 -> 148.3245 | AE10: =SQRT((((H10+I10-$AD10)^2)*T10+((J10+K10-$AD10)^2)*U10+((L10+M10-$AD10)^2)*V10+((N10+O10-$AD10)^2)*W10)/(X10-1)) -> 80.640353 | AF10: =AE10/AD10 -> 0.5436752 | AH10: =((H10+I10-$AD$19)^2)*T10+((J10+K10-$AD$19)^2)*U10+((L10+M10-$AD$19)^2)*V10+((N10+O10-$AD$19)^2)*W10 -> 39445.21
A11: 37562 | B11: 0.54166667 | C11: 209 | D11: 13 | E11: 209.54167 | F11: 44770 | G11: DOY 209: 07/28 | H11: =Stem_all!H11*0.18 -> 151.848 | I11: =Stem_all!I11*0.18 -> 21.024 | J11: =Stem_all!J11*0.18 -> 149.256 | K11: =Stem_all!K11*0.18 -> 8.586 | L11: =Stem_all!L11*0.18 -> 100.35 | M11: =Stem_all!M11*0.18 -> 15.408 | N11: =Stem_all!N11*0.18 -> 68.796 | O11: =Stem_all!O11*0.18 -> 10.674 | ... S11: =Stem_all!S11*0.18 -> 79.47 | T11: 1 | U11: 1 | V11: 1 | W11: 1 | X11: 4 | Y11: =(I11*T11+K11*U11+M11*V11+O11*W11)/X11 -> 13.923 | Z11: =SQRT((((I11-$Y11)^2)*T11+((K11-$Y11)^2)*U11+((M11-$Y11)^2)*V11+((O11-$Y11)^2)*W11)/(X11-1)) -> 5.5277782 | AA11: =(H11*T11+J11*U11+L11*V11+N11*W11)/X11 -> 117.5625 | AB11: =SQRT((((H11-$Z11)^2)*T11+((J11-$Z11)^2)*U11+((L11-$Z11)^2)*V11+((N11-$Z11)^2)*W11)/(X11-1)) -> 135.47636 | AC11: =AA11/(Y11+AA11) -> 0.89411 | AD11: =Y11+AA11 -> 131.4855 | AE11: =SQRT((((H11+I11-$AD11)^2)*T11+((J11+K11-$AD11)^2)*U11+((L11+M11-$AD11)^2)*V11+((N11+O11-$AD11)^2)*W11)/(X11-1)) -> 42.270849 | AF11: =AE11/AD11 -> 0.32148677 | AH11: =((H11+I11-$AD$19)^2)*T11+((J11+K11-$AD$19)^2)*U11+((L11+M11-$AD$19)^2)*V11+((N11+O11-$AD$19)^2)*W11 -> 16920.823
A12: 37198 | B12: 0.29166667 | C12: 236 | D12: 8 | E12: 236.33333 | F12: 44797 | G12: DOY 236: 08/24 | H12: =Stem_all!H12*0.18 -> 51.282 | I12: =Stem_all!I12*0.18 -> 18.774 | J12: =Stem_all!J12*0.18 -> 41.616 | K12: =Stem_all!K12*0.18 -> 15.12 | L12: =Stem_all!L12*0.18 -> 72.144 | M12: =Stem_all!M12*0.18 -> 26.28 | N12: =Stem_all!N12*0.18 -> 28.476 | O12: =Stem_all!O12*0.18 -> 23.85 | ... S12: =Stem_all!S12*0.18 -> 52.326 | T12: 1 | U12: 1 | V12: 0 | W12: 1 | X12: 3 | Y12: =(I12*T12+K12*U12+M12*V12+O12*W12)/X12 -> 19.248 | Z12: =SQRT((((I12-$Y12)^2)*T12+((K12-$Y12)^2)*U12+((M12-$Y12)^2)*V12+((O12-$Y12)^2)*W12)/(X12-1)) -> 4.3842596 | AA12: =(H12*T12+J12*U12+L12*V12+N12*W12)/X12 -> 40.458 | AB12: =SQRT((((H12-$Z12)^2)*T12+((J12-$Z12)^2)*U12+((L12-$Z12)^2)*V12+((N12-$Z12)^2)*W12)/(X12-1)) -> 45.639963 | AC12: =AA12/(Y12+AA12) -> 0.67762034 | AD12: =Y12+AA12 -> 59.706 | AE12: =SQRT((((H12+I12-$AD12)^2)*T12+((J12+K12-$AD12)^2)*U12+((L12+M12-$AD12)^2)*V12+((N12+O12-$AD12)^2)*W12)/(X12-1)) -> 9.2305959 | AF12: =AE12/AD12 -> 0.15460081 | AH12: =((H12+I12-$AD$19)^2)*T12+((J12+K12-$AD$19)^2)*U12+((L12+M12-$AD$19)^2)*V12+((N12+O12-$AD$19)^2)*W12 -> 1144.5656
A13: 37563 | B13: 0.54166667 | C13: 236 | D13: 13 | E13: 236.54167 | F13: 44797 | G13: DOY 236: 08/24 | H13: =Stem_all!H13*0.18 -> 54.864 | I13: =Stem_all!I13*0.18 -> 11.25 | J13: =Stem_all!J13*0.18 -> 50.148 | K13: =Stem_all!K13*0.18 -> 20.376 | L13: =Stem_all!L13*0.18 -> 50.958 | M13: =Stem_all!M13*0.18 -> 42.192 | N13: =Stem_all!N13*0.18 -> 32.742 | O13: =Stem_all!O13*0.18 -> 33.534 | ... S13: =Stem_all!S13*0.18 -> 66.276 | T13: 1 | U13: 1 | V13: 0 | W13: 1 | X13: 3 | Y13: =(I13*T13+K13*U13+M13*V13+O13*W13)/X13 -> 21.72 | Z13: =SQRT((((I13-$Y13)^2)*T13+((K13-$Y13)^2)*U13+((M13-$Y13)^2)*V13+((O13-$Y13)^2)*W13)/(X13-1)) -> 11.20263 | AA13: =(H13*T13+J13*U13+L13*V13+N13*W13)/X13 -> 45.918 | AB13: =SQRT((((H13-$Z13)^2)*T13+((J13-$Z13)^2)*U13+((L13-$Z13)^2)*V13+((N13-$Z13)^2)*W13)/(X13-1)) -> 44.085154 | AC13: =AA13/(Y13+AA13) -> 0.67887874 | AD13: =Y13+AA13 -> 67.638 | AE13: =SQRT((((H13+I13-$AD13)^2)*T13+((J13+K13-$AD13)^2)*U13+((L13+M13-$AD13)^2)*V13+((N13+O13-$AD13)^2)*W13)/(X13-1)) -> 2.5006615 | AF13: =AE13/AD13 -> 0.036971252 | AH13: =((H13+I13-$AD$19)^2)*T13+((J13+K13-$AD$19)^2)*U13+((L13+M13-$AD$19)^2)*V13+((N13+O13-$AD$19)^2)*W13 -> 317.80796
... A17: 37929 | B17: 0.79166667 | C17: 258 | D17: 20 | E17: 258.83333 | F17: 44819 | G17: DOY 258: 09/15 | H17: =Stem_all!H17*0.18 -> 56.124 | I17: =Stem_all!I17*0.18 -> -0.198 | J17: =Stem_all!J17*0.18 -> 88.632 | K17: =Stem_all!K17*0.18 -> 4.284 | L17: =Stem_all!L17*0.18 -> 114.012 | M17: =Stem_all!M17*0.18 -> 10.746 | N17: =Stem_all!N17*0.18 -> 57.996 | O17: =Stem_all!O17*0.18 -> 13.464 | ... S17: =Stem_all!S17*0.18 -> 71.46 | T17: 0 | U17: 1 | V17: 0 | W17: 1 | X17: 2 | Y17: =(I17*T17+K17*U17+M17*V17+O17*W17)/X17 -> 8.874 | Z17: =SQRT((((I17-$Y17)^2)*T17+((K17-$Y17)^2)*U17+((M17-$Y17)^2)*V17+((O17-$Y17)^2)*W17)/(X17-1)) -> 6.4912403 | AA17: =(H17*T17+J17*U17+L17*V17+N17*W17)/X17 -> 73.314 | AB17: =SQRT((((H17-$Z17)^2)*T17+((J17-$Z17)^2)*U17+((L17-$Z17)^2)*V17+((N17-$Z17)^2)*W17)/(X17-1)) -> 96.952796 | AC17: =AA17/(Y17+AA17) -> 0.89202803 | AD17: =Y17+AA17 -> 82.188 | AE17: =SQRT((((H17+I17-$AD17)^2)*T17+((J17+K17-$AD17)^2)*U17+((L17+M17-$AD17)^2)*V17+((N17+O17-$AD17)^2)*W17)/(X17-1)) -> 15.171683 | AF17: =AE17/AD17 -> 0.1845973 | AH17: =((H17+I17-$AD$19)^2)*T17+((J17+K17-$AD$19)^2)*U17+((L17+M17-$AD$19)^2)*V17+((N17+O17-$AD$19)^2)*W17 -> 269.99941
A18: 37200 | B18: 0.5 | C18: 278 | D18: 12 | E18: 278.5 | F18: 44839 | G18: DOY 278: 10/05 | H18: =Stem_all!H18*0.18 -> 2.952 | I18: =Stem_all!I18*0.18 -> -0.864 | J18: =Stem_all!J18*0.18 -> 10.98 | K18: =Stem_all!K18*0.18 -> 6.642 | L18: =Stem_all!L18*0.18 -> 10.638 | M18: =Stem_all!M18*0.18 -> 27.882 | N18: =Stem_all!N18*0.18 -> 2.628 | O18: =Stem_all!O18*0.18 -> 0 | ... S18: =Stem_all!S18*0.18 -> 2.628 | T18: 0 | U18: 0 | V18: 0 | W18: 1 | X18: 1 | Y18: =(I18*T18+K18*U18+M18*V18+O18*W18)/X18 -> 0 | Z18: =SQRT((((I18-$Y18)^2)*T18+((K18-$Y18)^2)*U18+((M18-$Y18)^2)*V18+((O18-$Y18)^2)*W18)/(X18)) -> 0 | AA18: =(H18*T18+J18*U18+L18*V18+N18*W18)/X18 -> 2.628 | AB18: =SQRT((((H18-$Z18)^2)*T18+((J18-$Z18)^2)*U18+((L18-$Z18)^2)*V18+((N18-$Z18)^2)*W18)/(X18)) -> 2.628 | AC18: =AA18/(Y18+AA18) -> 1 | AD18: =Y18+AA18 -> 2.628 | AE18: =SQRT((((H18+I18-$AD18)^2)*T18+((J18+K18-$AD18)^2)*U18+((L18+M18-$AD18)^2)*V18+((N18+O18-$AD18)^2)*W18)/(X18)) -> 0 | AF18: =AE18/AD18 -> 0 | AH18: =((H18+I18-$AD$19)^2)*T18+((J18+K18-$AD$19)^2)*U18+((L18+M18-$AD$19)^2)*V18+((N18+O18-$AD$19)^2)*W18 -> 5639.7049
AD19: =AVERAGE(AD3:AD18) -> 77.725969 | AH19: =SQRT(SUM(AH2:AH17)/(SUM(X2:X17)-1)) -> 46.350665
